user_id,goal_name,category,target_amount,current_amount,monthly_contribution,deadline,priority,status,progress_percentage
USER0001,Debt Payoff,debt_payoff,437179,5275,5329,2028-09-15,4,active,1.21
USER0001,Retirement Fund,savings,3631488,631923,14152,2029-07-12,2,active,17.4
USER0002,Emergency Fund,savings,209638,89494,18309,2028-04-18,5,active,42.69
USER0003,Debt Payoff,debt_payoff,473807,130218,8185,2030-01-08,3,active,27.48
USER0003,Car Purchase,purchase,755791,312634,19643,2028-03-19,2,active,41.37
USER0003,Emergency Fund,savings,212677,62607,4931,2030-12-04,4,active,29.44
USER0004,Debt Payoff,debt_payoff,408434,207666,15565,2029-05-13,3,active,50.84
USER0005,Car Purchase,purchase,1295287,737820,17785,2029-05-13,4,active,56.96
USER0006,Education Fund,savings,767580,413243,3884,2029-03-14,1,active,53.84
USER0006,Wedding,purchase,229731,94948,18900,2029-01-13,4,active,41.33
USER0006,Emergency Fund,savings,199399,130005,3028,2029-08-11,4,active,65.2
USER0006,Vacation,purchase,93937,53955,8540,2030-09-05,2,active,57.44
USER0007,Emergency Fund,savings,174943,121182,8009,2026-09-26,1,active,69.27
USER0007,Wedding,purchase,695792,438893,18445,2026-12-25,1,active,63.08
USER0008,Emergency Fund,savings,168974,17717,18000,2030-01-08,5,active,10.49
USER0008,Debt Payoff,debt_payoff,389769,54837,11003,2027-01-24,3,active,14.07
USER0008,House Down Payment,purchase,1981340,843727,1023,2027-12-20,4,active,42.58
USER0008,Car Purchase,purchase,437255,123651,12182,2030-08-06,4,active,28.28
USER0009,Retirement Fund,savings,1883642,141311,8801,2030-08-06,2,active,7.5
USER0009,House Down Payment,purchase,1325421,216821,16701,2028-04-18,4,active,16.36
USER0009,Wedding,purchase,672901,364416,19151,2027-05-24,1,active,54.16
USER0010,Wedding,purchase,343557,130290,4360,2027-01-24,5,active,37.92
USER0010,Education Fund,savings,677067,170233,16519,2026-07-28,5,active,25.14
USER0011,Retirement Fund,savings,4172185,1238567,11061,2028-07-17,4,active,29.69
USER0012,Debt Payoff,debt_payoff,498360,134367,18069,2027-12-20,1,active,26.96
USER0012,Vacation,purchase,119726,60363,6319,2030-07-07,3,active,50.42
USER0012,Emergency Fund,savings,288454,60130,4344,2029-07-12,4,active,20.85
USER0013,Debt Payoff,debt_payoff,306784,190452,2391,2027-06-23,1,active,62.08
USER0013,Vacation,purchase,97665,28374,6264,2027-07-23,1,active,29.05
USER0013,Wedding,purchase,431502,63083,12731,2026-11-25,2,active,14.62
USER0014,Vacation,purchase,171813,114604,6955,2030-03-09,2,active,66.7
USER0015,Wedding,purchase,387649,290128,7143,2027-04-24,2,active,74.84
USER0016,Education Fund,savings,767944,529671,13815,2027-09-21,5,active,68.97
USER0016,Wedding,purchase,423001,42495,14676,2029-04-13,5,active,10.05
USER0016,Emergency Fund,savings,72648,41245,18223,2029-12-09,2,active,56.77
USER0016,Vacation,purchase,180314,33427,19503,2030-12-04,5,active,18.54
USER0017,Vacation,purchase,178123,92386,14083,2029-08-11,2,active,51.87
USER0017,Wedding,purchase,332996,108656,4135,2030-12-04,3,active,32.63
USER0017,Retirement Fund,savings,3098748,2202810,16662,2028-07-17,4,active,71.09
USER0018,Vacation,purchase,136769,108376,1602,2031-01-03,3,active,79.24
USER0018,Retirement Fund,savings,3932639,745600,5248,2028-01-19,1,active,18.96
USER0018,House Down Payment,purchase,1220491,718503,15872,2030-02-07,2,active,58.87
USER0019,Car Purchase,purchase,748128,133710,6791,2030-11-04,1,active,17.87
USER0019,Education Fund,savings,272411,99269,9608,2030-07-07,3,active,36.44
USER0019,Wedding,purchase,791723,441498,3204,2029-11-09,3,active,55.76
USER0020,Emergency Fund,savings,218686,155055,13386,2026-10-26,4,active,70.9
USER0020,Wedding,purchase,421262,252227,19923,2029-06-12,1,active,59.87
USER0020,Car Purchase,purchase,506200,222418,3441,2027-11-20,4,active,43.94
USER0020,Debt Payoff,debt_payoff,438676,204370,14698,2030-05-08,1,active,46.59
USER0021,Retirement Fund,savings,4976509,3677931,14947,2030-03-09,3,active,73.91
USER0022,Retirement Fund,savings,4998122,414299,6906,2027-04-24,3,active,8.29
USER0023,Retirement Fund,savings,1189612,642481,7562,2029-10-10,1,active,54.01
USER0023,Education Fund,savings,811605,154301,5518,2026-07-28,1,active,19.01
USER0023,Emergency Fund,savings,261925,107653,8725,2029-09-10,2,active,41.1
USER0024,Wedding,purchase,313276,249767,12018,2028-05-18,4,active,79.73
USER0024,Vacation,purchase,83090,10169,1533,2028-03-19,2,active,12.24
USER0025,House Down Payment,purchase,1721913,224037,15371,2030-10-05,1,active,13.01
USER0026,Debt Payoff,debt_payoff,458326,271462,7985,2029-08-11,4,active,59.23
USER0027,Emergency Fund,savings,241943,86495,14094,2027-07-23,4,active,35.75
USER0027,Education Fund,savings,466909,26143,2282,2030-02-07,2,active,5.6
USER0028,Vacation,purchase,181349,35975,4460,2028-02-18,2,active,19.84
USER0028,House Down Payment,purchase,1649367,377150,1628,2029-12-09,3,active,22.87
USER0028,Emergency Fund,savings,244422,188705,9449,2028-04-18,3,active,77.2
USER0028,Car Purchase,purchase,378418,246621,1525,2029-07-12,1,active,65.17
USER0029,Debt Payoff,debt_payoff,399563,319169,19429,2028-05-18,5,active,79.88
USER0029,Vacation,purchase,123470,81259,19625,2030-09-05,5,active,65.81
USER0030,Wedding,purchase,373537,128526,16211,2028-02-18,1,active,34.41
USER0030,Retirement Fund,savings,4630793,2088412,13817,2027-12-20,1,active,45.1
USER0031,Debt Payoff,debt_payoff,139621,107595,11973,2030-09-05,4,active,77.06
USER0031,Emergency Fund,savings,110764,24500,8275,2028-06-17,3,active,22.12
USER0031,Retirement Fund,savings,2516133,1215806,9041,2030-05-08,3,active,48.32
USER0032,Emergency Fund,savings,225085,51020,19452,2030-02-07,3,active,22.67
USER0032,Debt Payoff,debt_payoff,165574,106404,13836,2029-06-12,4,active,64.26
USER0032,Wedding,purchase,233842,88997,18332,2029-02-12,2,active,38.06
USER0032,Vacation,purchase,198957,11855,16466,2026-11-25,5,active,5.96
USER0033,Debt Payoff,debt_payoff,166985,78111,15191,2027-03-25,3,active,46.78
USER0033,Car Purchase,purchase,902095,520156,9686,2027-12-20,4,active,57.66
USER0033,Vacation,purchase,101831,72972,17682,2031-01-03,2,active,71.66
USER0034,Retirement Fund,savings,1644490,724963,16859,2030-09-05,5,active,44.08
USER0034,Car Purchase,purchase,1124910,652273,4087,2029-12-09,2,active,57.98
USER0035,Wedding,purchase,602959,322604,8354,2030-12-04,2,active,53.5
USER0036,Debt Payoff,debt_payoff,245609,134076,13231,2027-04-24,4,active,54.59
USER0036,Car Purchase,purchase,1475459,855679,5737,2026-10-26,4,active,57.99
USER0036,Retirement Fund,savings,2255218,1117989,3025,2030-10-05,2,active,49.57
USER0037,House Down Payment,purchase,840237,435222,8762,2030-04-08,1,active,51.8
USER0037,Vacation,purchase,131722,61607,11087,2028-02-18,1,active,46.77
USER0037,Debt Payoff,debt_payoff,205281,108099,4290,2030-05-08,1,active,52.66
USER0037,Education Fund,savings,285023,34909,9958,2028-07-17,4,active,12.25
USER0038,Debt Payoff,debt_payoff,113633,20518,9051,2027-05-24,3,active,18.06
USER0038,Emergency Fund,savings,149970,62011,14360,2027-01-24,5,active,41.35
USER0038,Retirement Fund,savings,3390489,1127890,18829,2028-08-16,5,active,33.27
USER0038,Wedding,purchase,433793,77060,1848,2027-01-24,2,active,17.76
USER0039,Wedding,purchase,725463,492894,19500,2029-06-12,1,active,67.94
USER0039,Education Fund,savings,913548,604713,3651,2027-11-20,4,active,66.19
USER0040,House Down Payment,purchase,1291245,977341,3697,2028-08-16,2,active,75.69
USER0040,Car Purchase,purchase,1023881,454071,15822,2026-08-27,1,active,44.35
USER0041,Retirement Fund,savings,4136865,1627614,16146,2027-04-24,1,active,39.34
USER0042,Emergency Fund,savings,52065,35907,10174,2027-11-20,2,active,68.97
USER0043,Debt Payoff,debt_payoff,277531,199187,7237,2030-08-06,3,active,71.77
USER0044,House Down Payment,purchase,1044330,693794,3342,2027-09-21,2,active,66.43
USER0044,Wedding,purchase,622127,220501,8620,2026-07-28,1,active,35.44
USER0045,House Down Payment,purchase,1173737,523259,18157,2027-05-24,5,active,44.58
USER0045,Education Fund,savings,499124,177777,13414,2026-07-28,2,active,35.62
USER0045,Wedding,purchase,769912,446949,18581,2026-12-25,1,active,58.05
USER0045,Debt Payoff,debt_payoff,122749,19598,12764,2028-05-18,4,active,15.97
USER0046,Vacation,purchase,77756,43922,19480,2030-08-06,3,active,56.49
USER0046,Emergency Fund,savings,159803,75858,9372,2028-01-19,5,active,47.47
USER0046,Debt Payoff,debt_payoff,204049,150697,4423,2030-05-08,2,active,73.85
USER0046,Wedding,purchase,210859,168093,1551,2030-06-07,1,active,79.72
USER0047,House Down Payment,purchase,1972720,668215,18090,2028-01-19,3,active,33.87
USER0047,Emergency Fund,savings,258738,27820,16579,2030-01-08,4,active,10.75
USER0047,Vacation,purchase,78617,27322,1614,2029-10-10,4,active,34.75
USER0048,Emergency Fund,savings,281936,181036,5136,2027-11-20,1,active,64.21
USER0048,Wedding,purchase,351537,237652,12185,2030-01-08,3,active,67.6
USER0048,Education Fund,savings,516437,334004,17650,2030-04-08,3,active,64.67
USER0048,Retirement Fund,savings,3842400,868682,12868,2030-04-08,4,active,22.61
USER0049,Vacation,purchase,169663,101221,2051,2027-12-20,3,active,59.66
USER0049,Car Purchase,purchase,1142889,418518,14423,2029-08-11,4,active,36.62
USER0049,Wedding,purchase,378013,245669,10157,2026-07-28,2,active,64.99
USER0049,Retirement Fund,savings,1707514,651571,12667,2027-10-21,4,active,38.16
USER0050,Vacation,purchase,84069,17251,18396,2030-06-07,5,active,20.52
USER0051,Retirement Fund,savings,2685032,2006900,8308,2027-05-24,2,active,74.74
USER0051,House Down Payment,purchase,643952,65185,5838,2026-11-25,3,active,10.12
USER0052,House Down Payment,purchase,755052,19048,6154,2028-09-15,4,active,2.52
USER0052,Emergency Fund,savings,281925,16944,14682,2027-09-21,2,active,6.01
USER0052,Vacation,purchase,76227,22183,15236,2027-11-20,3,active,29.1
USER0052,Retirement Fund,savings,1842556,523345,12130,2027-06-23,2,active,28.4
USER0053,Vacation,purchase,118160,27415,5657,2027-04-24,5,active,23.2
USER0053,House Down Payment,purchase,1093874,648410,4294,2028-11-14,1,active,59.28
USER0053,Education Fund,savings,298952,72707,5331,2027-03-25,2,active,24.32
USER0053,Wedding,purchase,408012,25884,13640,2029-11-09,3,active,6.34
USER0054,Debt Payoff,debt_payoff,455250,30366,2328,2027-08-22,5,active,6.67
USER0054,Retirement Fund,savings,3166109,1222508,14058,2028-09-15,5,active,38.61
USER0055,Emergency Fund,savings,81681,20508,17082,2027-12-20,5,active,25.11
USER0055,Wedding,purchase,325103,106812,6513,2029-03-14,4,active,32.85
USER0055,House Down Payment,purchase,1957300,365829,10786,2026-09-26,3,active,18.69
USER0056,House Down Payment,purchase,1260450,386028,15477,2030-10-05,2,active,30.63
USER0057,Car Purchase,purchase,836321,416125,7002,2028-04-18,5,active,49.76
USER0058,Education Fund,savings,400686,147013,7730,2028-04-18,1,active,36.69
USER0059,Debt Payoff,debt_payoff,464683,115895,7326,2028-06-17,4,active,24.94
USER0059,Education Fund,savings,337701,101517,13615,2027-03-25,4,active,30.06
USER0060,House Down Payment,purchase,1960589,1023626,5525,2028-07-17,2,active,52.21
USER0061,Car Purchase,purchase,864327,222354,19844,2028-11-14,5,active,25.73
USER0062,Car Purchase,purchase,313061,73440,14734,2028-08-16,1,active,23.46
USER0062,House Down Payment,purchase,1392771,661487,16066,2027-02-23,5,active,47.49
USER0062,Wedding,purchase,226101,104885,15923,2027-03-25,1,active,46.39
USER0063,Emergency Fund,savings,280138,184997,16903,2029-11-09,3,active,66.04
USER0063,Wedding,purchase,700419,548907,10859,2027-03-25,1,active,78.37
USER0064,Car Purchase,purchase,745801,339376,9562,2028-01-19,3,active,45.5
USER0064,Debt Payoff,debt_payoff,355007,124139,17166,2028-09-15,1,active,34.97
USER0064,Wedding,purchase,366397,23830,11185,2027-01-24,1,active,6.5
USER0064,Emergency Fund,savings,286648,180573,1872,2029-11-09,4,active,62.99
USER0065,Wedding,purchase,212257,100780,6307,2028-08-16,1,active,47.48
USER0065,Car Purchase,purchase,781133,551180,14186,2030-09-05,1,active,70.56
USER0066,Wedding,purchase,455615,356623,2694,2028-09-15,4,active,78.27
USER0066,Education Fund,savings,562484,366123,12517,2029-12-09,4,active,65.09
USER0066,Retirement Fund,savings,4956260,1044499,8557,2030-08-06,2,active,21.07
USER0066,Emergency Fund,savings,95032,11066,13034,2028-02-18,5,active,11.64
USER0067,Vacation,purchase,181243,89787,14610,2028-11-14,2,active,49.54
USER0068,Car Purchase,purchase,411124,188068,8692,2029-01-13,2,active,45.74
USER0068,Debt Payoff,debt_payoff,375551,147823,15927,2027-11-20,3,active,39.36
USER0068,House Down Payment,purchase,1753498,351396,11335,2030-01-08,5,active,20.04
USER0068,Vacation,purchase,149912,12329,18829,2026-09-26,3,active,8.22
USER0069,Vacation,purchase,130828,24170,12682,2029-09-10,4,active,18.47
USER0070,Emergency Fund,savings,165150,77491,5137,2027-04-24,4,active,46.92
USER0070,Wedding,purchase,711232,137608,18903,2030-01-08,5,active,19.35
USER0070,Retirement Fund,savings,1812030,769323,8184,2027-11-20,2,active,42.46
USER0070,Debt Payoff,debt_payoff,429298,102376,18461,2026-09-26,3,active,23.85
USER0071,Retirement Fund,savings,4715126,3571479,1578,2026-10-26,5,active,75.75
USER0071,Education Fund,savings,847542,148298,19622,2027-09-21,1,active,17.5
USER0071,Wedding,purchase,614889,202469,9313,2030-09-05,3,active,32.93
USER0072,Vacation,purchase,79702,9247,9469,2029-07-12,5,active,11.6
USER0073,Wedding,purchase,646139,347874,4123,2030-12-04,4,active,53.84
USER0073,Car Purchase,purchase,1282844,572621,12485,2026-07-28,4,active,44.64
USER0073,Retirement Fund,savings,4355667,1232204,15687,2030-03-09,4,active,28.29
USER0073,Debt Payoff,debt_payoff,365765,58633,2336,2027-10-21,2,active,16.03
USER0074,House Down Payment,purchase,1010699,775084,17112,2028-02-18,5,active,76.69
USER0075,Car Purchase,purchase,1351119,685307,16419,2026-09-26,5,active,50.72
USER0075,Emergency Fund,savings,234946,51853,15548,2029-02-12,2,active,22.07
USER0075,Wedding,purchase,451297,17275,8606,2026-07-28,4,active,3.83
USER0075,Education Fund,savings,939597,415264,14820,2030-02-07,1,active,44.2
USER0076,Debt Payoff,debt_payoff,245047,33920,1685,2027-10-21,1,active,13.84
USER0076,Vacation,purchase,173328,53736,11465,2030-09-05,1,active,31.0
USER0076,Emergency Fund,savings,105183,18417,8833,2028-10-15,5,active,17.51
USER0076,Education Fund,savings,867178,49879,11705,2030-09-05,3,active,5.75
USER0077,Wedding,purchase,780515,411411,9873,2030-12-04,4,active,52.71
USER0077,House Down Payment,purchase,1688109,975332,7311,2029-11-09,5,active,57.78
USER0077,Education Fund,savings,504718,152919,19867,2028-12-14,5,active,30.3
USER0078,Vacation,purchase,155508,77400,17991,2026-12-25,3,active,49.77
USER0078,House Down Payment,purchase,1604788,1096124,16169,2028-11-14,5,active,68.3
USER0079,Education Fund,savings,336036,131042,17967,2028-07-17,5,active,39.0
USER0080,Car Purchase,purchase,1150064,873651,5987,2027-12-20,2,active,75.97
USER0080,Debt Payoff,debt_payoff,471688,324185,15520,2029-08-11,4,active,68.73
USER0081,Emergency Fund,savings,228981,28909,19819,2028-06-17,2,active,12.63
USER0081,Vacation,purchase,85529,51715,10575,2026-09-26,5,active,60.46
USER0081,Car Purchase,purchase,998137,153223,2815,2027-11-20,2,active,15.35
USER0081,House Down Payment,purchase,793245,594463,13130,2030-03-09,1,active,74.94
USER0082,Wedding,purchase,508866,131432,1395,2026-08-27,1,active,25.83
USER0083,Emergency Fund,savings,243459,150913,16055,2027-01-24,2,active,61.99
USER0083,Vacation,purchase,159376,5786,3331,2026-07-28,2,active,3.63
USER0083,Car Purchase,purchase,515498,144997,15295,2028-01-19,1,active,28.13
USER0084,Retirement Fund,savings,4222795,413421,18276,2030-04-08,5,active,9.79
USER0084,Car Purchase,purchase,876384,649895,5755,2026-12-25,4,active,74.16
USER0085,Vacation,purchase,180587,62252,8394,2028-05-18,5,active,34.47
USER0085,Debt Payoff,debt_payoff,297855,117181,10794,2029-04-13,5,active,39.34
USER0085,Retirement Fund,savings,3131486,1727104,17432,2028-04-18,1,active,55.15
USER0086,House Down Payment,purchase,750506,388914,1319,2029-11-09,2,active,51.82
USER0086,Debt Payoff,debt_payoff,195363,24137,13817,2029-04-13,1,active,12.35
USER0087,Car Purchase,purchase,1332943,226026,5227,2028-11-14,4,active,16.96
USER0088,Emergency Fund,savings,88543,50806,1870,2027-03-25,1,active,57.38
USER0089,Emergency Fund,savings,274660,44233,12815,2026-10-26,3,active,16.1
USER0089,Debt Payoff,debt_payoff,421143,113878,14966,2030-02-07,4,active,27.04
USER0089,Vacation,purchase,170229,129463,5243,2028-04-18,2,active,76.05
USER0089,Retirement Fund,savings,3770387,2005055,17444,2029-03-14,1,active,53.18
USER0090,Retirement Fund,savings,1435349,500653,15501,2030-09-05,5,active,34.88
USER0090,House Down Payment,purchase,1629761,268275,11420,2028-10-15,5,active,16.46
USER0091,Retirement Fund,savings,1395786,707564,2240,2026-08-27,3,active,50.69
USER0092,Retirement Fund,savings,2476907,16983,15297,2030-12-04,5,active,0.69
USER0092,Wedding,purchase,226796,33188,16154,2027-05-24,1,active,14.63
USER0092,Car Purchase,purchase,1130432,10325,16001,2029-10-10,1,active,0.91
USER0093,Emergency Fund,savings,119960,2553,12133,2026-11-25,3,active,2.13
USER0093,Retirement Fund,savings,2654844,2009021,5863,2027-10-21,5,active,75.67
USER0093,Education Fund,savings,664551,476157,15810,2030-04-08,3,active,71.65
USER0094,Education Fund,savings,834471,17037,18256,2028-10-15,5,active,2.04
USER0094,Emergency Fund,savings,190156,46759,3997,2030-01-08,5,active,24.59
USER0094,Vacation,purchase,134779,53285,8876,2029-07-12,1,active,39.54
USER0094,Debt Payoff,debt_payoff,486964,355211,9008,2029-05-13,2,active,72.94
USER0095,Debt Payoff,debt_payoff,315822,206202,10484,2029-03-14,5,active,65.29
USER0095,Car Purchase,purchase,1200461,486014,8679,2026-09-26,3,active,40.49
USER0096,Emergency Fund,savings,193177,120180,10019,2026-11-25,3,active,62.21
USER0096,Wedding,purchase,560473,261763,19774,2029-03-14,4,active,46.7
USER0096,Car Purchase,purchase,531625,73252,3079,2027-02-23,2,active,13.78
USER0097,Vacation,purchase,199905,125529,4434,2028-02-18,1,active,62.79
USER0097,Retirement Fund,savings,3814947,382007,2219,2030-08-06,5,active,10.01
USER0097,Emergency Fund,savings,195822,7795,1356,2030-09-05,3,active,3.98
USER0097,Education Fund,savings,523989,258889,3274,2029-08-11,5,active,49.41
USER0098,Vacation,purchase,134796,103938,1938,2028-09-15,2,active,77.11
USER0098,Wedding,purchase,326059,174269,13837,2029-10-10,1,active,53.45
USER0099,Car Purchase,purchase,1374467,837347,2602,2028-06-17,1,active,60.92
USER0099,Debt Payoff,debt_payoff,385184,97919,13977,2028-06-17,1,active,25.42
USER0099,Emergency Fund,savings,106970,81421,9749,2028-09-15,5,active,76.12
USER0100,Emergency Fund,savings,251244,7555,13323,2026-11-25,1,active,3.01
USER0100,Vacation,purchase,128021,83251,4767,2027-11-20,4,active,65.03
USER0100,House Down Payment,purchase,1824963,604515,15409,2029-12-09,2,active,33.12
USER0100,Car Purchase,purchase,1248061,335173,10201,2029-05-13,2,active,26.86
USER0101,Emergency Fund,savings,275711,18733,17076,2028-05-18,5,active,6.79
USER0101,Retirement Fund,savings,1330010,791991,16186,2030-05-08,4,active,59.55
USER0101,House Down Payment,purchase,1886032,860660,5165,2029-10-10,4,active,45.63
USER0102,Vacation,purchase,76303,57459,11273,2029-07-12,1,active,75.3
USER0102,Education Fund,savings,262939,35481,12418,2026-11-25,5,active,13.49
USER0103,Car Purchase,purchase,1367466,205946,17130,2028-08-16,3,active,15.06
USER0104,Retirement Fund,savings,4518796,2555936,7270,2027-09-21,2,active,56.56
USER0105,Debt Payoff,debt_payoff,168714,119002,18555,2029-11-09,5,active,70.53
USER0105,Car Purchase,purchase,716905,94017,8495,2029-07-12,2,active,13.11
USER0105,Vacation,purchase,172033,4815,10394,2027-12-20,3,active,2.8
USER0106,Wedding,purchase,597398,419896,18226,2030-10-05,4,active,70.29
USER0107,Wedding,purchase,234927,42337,12100,2027-04-24,1,active,18.02
USER0107,Debt Payoff,debt_payoff,398699,175722,2820,2028-07-17,3,active,44.07
USER0107,Emergency Fund,savings,229926,38792,3843,2027-03-25,3,active,16.87
USER0107,House Down Payment,purchase,535615,363211,2379,2027-07-23,3,active,67.81
USER0108,Car Purchase,purchase,576497,358332,19429,2026-09-26,5,active,62.16
USER0108,Emergency Fund,savings,167050,40446,3163,2027-04-24,5,active,24.21
USER0108,Vacation,purchase,144357,107143,12679,2026-08-27,1,active,74.22
USER0108,Education Fund,savings,810069,272920,1266,2027-02-23,2,active,33.69
USER0109,House Down Payment,purchase,1756254,1301550,17499,2028-06-17,5,active,74.11
USER0109,Emergency Fund,savings,159685,70930,7772,2030-09-05,5,active,44.42
USER0109,Education Fund,savings,432517,142554,7080,2026-10-26,4,active,32.96
USER0110,Debt Payoff,debt_payoff,170138,39893,8212,2027-01-24,2,active,23.45
USER0110,Retirement Fund,savings,4667065,861652,1164,2028-11-14,1,active,18.46
USER0110,Wedding,purchase,224782,119987,12850,2029-06-12,2,active,53.38
USER0110,House Down Payment,purchase,1699688,1277611,14054,2027-05-24,5,active,75.17
USER0111,Education Fund,savings,764688,578642,15719,2030-11-04,5,active,75.67
USER0112,Education Fund,savings,591556,109365,1342,2026-12-25,5,active,18.49
USER0112,Car Purchase,purchase,899353,190949,17934,2029-04-13,1,active,21.23
USER0112,Wedding,purchase,703472,474016,5510,2028-03-19,3,active,67.38
USER0113,Vacation,purchase,102571,48554,4169,2028-11-14,2,active,47.34
USER0113,Debt Payoff,debt_payoff,117441,73735,12290,2030-01-08,3,active,62.78
USER0113,Car Purchase,purchase,1328245,1051417,14720,2027-10-21,3,active,79.16
USER0114,Car Purchase,purchase,1286565,78719,14843,2027-12-20,5,active,6.12
USER0114,House Down Payment,purchase,1441222,153509,15332,2026-12-25,5,active,10.65
USER0114,Wedding,purchase,464765,12293,16374,2030-01-08,4,active,2.64
USER0115,Wedding,purchase,220147,157310,17242,2029-08-11,4,active,71.46
USER0115,Education Fund,savings,578970,454211,9281,2026-08-27,2,active,78.45
USER0115,House Down Payment,purchase,906923,302537,8094,2030-02-07,2,active,33.36
USER0116,Emergency Fund,savings,208712,147594,16928,2028-01-19,2,active,70.72
USER0116,House Down Payment,purchase,1301865,99606,4362,2029-12-09,4,active,7.65
USER0116,Vacation,purchase,66698,32601,11632,2030-09-05,3,active,48.88
USER0117,Vacation,purchase,135975,7882,5206,2028-02-18,5,active,5.8
USER0117,Debt Payoff,debt_payoff,452130,270194,12041,2028-06-17,1,active,59.76
USER0117,Emergency Fund,savings,232146,146530,14542,2026-07-28,2,active,63.12
USER0118,Education Fund,savings,906531,554292,9406,2030-10-05,2,active,61.14
USER0119,Vacation,purchase,186843,54394,10877,2030-01-08,4,active,29.11
USER0119,Car Purchase,purchase,1199723,954269,19766,2027-11-20,1,active,79.54
USER0120,Retirement Fund,savings,1076510,815441,19605,2029-06-12,3,active,75.75
USER0120,Emergency Fund,savings,60067,23294,17444,2030-04-08,2,active,38.78
USER0120,Wedding,purchase,363021,192974,5504,2027-07-23,5,active,53.16
USER0120,House Down Payment,purchase,1990023,380325,14627,2026-08-27,4,active,19.11
USER0121,Vacation,purchase,172897,126042,14699,2030-11-04,5,active,72.9
USER0121,House Down Payment,purchase,1848418,1382385,14837,2029-11-09,3,active,74.79
USER0121,Education Fund,savings,294573,209815,10659,2027-11-20,5,active,71.23
USER0121,Emergency Fund,savings,66764,50652,11535,2028-06-17,1,active,75.87
USER0122,Retirement Fund,savings,2571369,1529627,11570,2029-06-12,5,active,59.49
USER0122,House Down Payment,purchase,1464745,16284,8191,2028-04-18,2,active,1.11
USER0123,Education Fund,savings,612970,166942,13496,2031-01-03,1,active,27.23
USER0123,Retirement Fund,savings,3201571,2297493,13370,2029-05-13,1,active,71.76
USER0124,Wedding,purchase,584466,330360,8048,2029-05-13,3,active,56.52
USER0124,House Down Payment,purchase,982569,692596,14754,2029-05-13,1,active,70.49
USER0124,Car Purchase,purchase,1075481,420484,8185,2029-12-09,5,active,39.1
USER0124,Vacation,purchase,115112,56060,3774,2027-05-24,5,active,48.7
USER0125,Debt Payoff,debt_payoff,159070,16303,10198,2026-11-25,5,active,10.25
USER0125,Vacation,purchase,128968,60428,6525,2029-07-12,2,active,46.86
USER0125,Wedding,purchase,635309,11320,10727,2027-06-23,4,active,1.78
USER0126,Retirement Fund,savings,1040983,588119,19514,2026-10-26,5,active,56.5
USER0126,Wedding,purchase,524846,94512,13949,2028-12-14,2,active,18.01
USER0126,Debt Payoff,debt_payoff,172348,35743,4215,2029-10-10,3,active,20.74
USER0127,Vacation,purchase,124573,39585,2227,2026-10-26,5,active,31.78
USER0127,Car Purchase,purchase,690925,272230,2016,2028-01-19,2,active,39.4
USER0127,Emergency Fund,savings,230678,121089,4158,2028-08-16,5,active,52.49
USER0128,Wedding,purchase,575285,435272,11867,2027-08-22,5,active,75.66
USER0128,Vacation,purchase,162073,122094,2072,2029-07-12,4,active,75.33
USER0128,Retirement Fund,savings,3630594,724317,18869,2028-11-14,5,active,19.95
USER0129,House Down Payment,purchase,1873951,1256144,4718,2030-03-09,3,active,67.03
USER0129,Debt Payoff,debt_payoff,230661,68377,19940,2030-09-05,4,active,29.64
USER0129,Vacation,purchase,165873,102374,9549,2027-05-24,2,active,61.72
USER0129,Car Purchase,purchase,697576,514076,7413,2027-06-23,3,active,73.69
USER0130,Emergency Fund,savings,102497,34566,17318,2029-09-10,3,active,33.72
USER0131,Education Fund,savings,408661,283298,7773,2029-04-13,3,active,69.32
USER0131,Car Purchase,purchase,1318291,533342,4854,2030-03-09,3,active,40.46
USER0131,Emergency Fund,savings,174360,93455,9978,2029-03-14,4,active,53.6
USER0131,Debt Payoff,debt_payoff,376592,213972,17819,2030-07-07,3,active,56.82
USER0132,House Down Payment,purchase,1609651,493155,2609,2028-09-15,4,active,30.64
USER0133,Vacation,purchase,68381,27512,10507,2027-01-24,2,active,40.23
USER0133,Wedding,purchase,766545,286785,6947,2030-05-08,4,active,37.41
USER0133,Debt Payoff,debt_payoff,108074,61214,8254,2028-01-19,4,active,56.64
USER0134,Education Fund,savings,753285,478608,1310,2029-03-14,4,active,63.54
USER0134,Vacation,purchase,64310,7030,2978,2030-02-07,1,active,10.93
USER0134,Emergency Fund,savings,155699,4014,6935,2029-02-12,3,active,2.58
USER0134,Car Purchase,purchase,901830,707038,13731,2027-04-24,4,active,78.4
USER0135,Wedding,purchase,485283,304039,18303,2027-03-25,4,active,62.65
USER0135,Vacation,purchase,97069,27407,5149,2030-08-06,2,active,28.23
USER0135,Emergency Fund,savings,288703,202037,11103,2029-08-11,5,active,69.98
USER0136,House Down Payment,purchase,844138,523863,3782,2028-08-16,5,active,62.06
USER0137,Emergency Fund,savings,207314,116675,2125,2029-04-13,4,active,56.28
USER0138,Retirement Fund,savings,4511574,138482,6601,2026-11-25,1,active,3.07
USER0139,Vacation,purchase,191470,35154,10689,2028-10-15,2,active,18.36
USER0139,Emergency Fund,savings,225218,125393,14673,2026-10-26,5,active,55.68
USER0140,Emergency Fund,savings,203545,78446,3742,2027-04-24,5,active,38.54
USER0140,Wedding,purchase,794285,561869,4407,2028-01-19,5,active,70.74
USER0141,Vacation,purchase,184228,48217,17865,2030-04-08,4,active,26.17
USER0141,Wedding,purchase,289169,2450,15879,2027-07-23,2,active,0.85
USER0141,Retirement Fund,savings,4843296,244166,4115,2029-12-09,5,active,5.04
USER0141,Car Purchase,purchase,753841,29872,11630,2030-03-09,2,active,3.96
USER0142,Car Purchase,purchase,385764,228904,4464,2029-05-13,5,active,59.34
USER0142,Education Fund,savings,815041,640355,4921,2028-04-18,3,active,78.57
USER0143,Debt Payoff,debt_payoff,410878,147554,4277,2027-12-20,4,active,35.91
USER0143,Wedding,purchase,500925,107460,10803,2026-10-26,1,active,21.45
USER0144,House Down Payment,purchase,1534259,744848,6854,2027-08-22,1,active,48.55
USER0144,Car Purchase,purchase,1157541,742495,6330,2026-09-26,3,active,64.14
USER0145,Emergency Fund,savings,200862,32226,17092,2029-06-12,2,active,16.04
USER0145,House Down Payment,purchase,1411987,31626,11396,2029-05-13,5,active,2.24
USER0145,Retirement Fund,savings,2234205,1274777,10733,2029-07-12,3,active,57.06
USER0146,Wedding,purchase,616888,39035,6635,2027-01-24,2,active,6.33
USER0146,Education Fund,savings,930916,578653,10939,2028-07-17,5,active,62.16
USER0147,Car Purchase,purchase,708465,465831,15777,2029-03-14,5,active,65.75
USER0147,Debt Payoff,debt_payoff,485318,53165,12601,2028-05-18,2,active,10.95
USER0148,Retirement Fund,savings,3606620,2164819,19144,2028-04-18,1,active,60.02
USER0148,Vacation,purchase,188112,100768,18610,2027-11-20,4,active,53.57
USER0148,Debt Payoff,debt_payoff,251847,40694,18798,2029-01-13,4,active,16.16
USER0148,Car Purchase,purchase,1142319,145550,18895,2029-11-09,2,active,12.74
USER0149,Education Fund,savings,318833,242333,17396,2028-11-14,2,active,76.01
USER0149,Emergency Fund,savings,150066,67952,19391,2026-07-28,5,active,45.28
USER0149,Wedding,purchase,472979,324965,16010,2030-02-07,2,active,68.71
USER0150,House Down Payment,purchase,1431040,1021008,17904,2030-08-06,5,active,71.35
USER0151,Debt Payoff,debt_payoff,379071,88324,12875,2026-12-25,3,active,23.3
USER0151,Education Fund,savings,568935,12030,14929,2029-06-12,2,active,2.11
USER0151,Retirement Fund,savings,1335296,572596,19165,2029-06-12,3,active,42.88
USER0151,Wedding,purchase,200014,112576,8856,2028-01-19,3,active,56.28
USER0152,Emergency Fund,savings,104659,66468,16463,2030-08-06,3,active,63.51
USER0152,Wedding,purchase,707140,124215,4112,2029-07-12,5,active,17.57
USER0153,Car Purchase,purchase,313303,239136,18742,2030-01-08,4,active,76.33
USER0153,House Down Payment,purchase,538161,341753,14764,2026-09-26,1,active,63.5
USER0154,Car Purchase,purchase,1330210,721558,13269,2027-02-23,2,active,54.24
USER0154,Education Fund,savings,575624,4583,10819,2028-12-14,2,active,0.8
USER0155,Car Purchase,purchase,543976,356409,2578,2030-07-07,2,active,65.52
USER0155,Vacation,purchase,177010,22479,18740,2030-03-09,4,active,12.7
USER0155,Retirement Fund,savings,2209101,591917,3873,2028-02-18,1,active,26.79
USER0156,House Down Payment,purchase,1456877,797352,19197,2028-04-18,2,active,54.73
USER0156,Vacation,purchase,50098,12184,10607,2026-08-27,5,active,24.32
USER0156,Debt Payoff,debt_payoff,144277,55715,19971,2028-09-15,5,active,38.62
USER0156,Wedding,purchase,533411,216771,2693,2027-10-21,1,active,40.64
USER0157,House Down Payment,purchase,1663407,995098,18979,2029-06-12,4,active,59.82
USER0158,Debt Payoff,debt_payoff,306203,154043,17485,2027-10-21,3,active,50.31
USER0158,Wedding,purchase,680132,181413,11976,2030-09-05,3,active,26.67
USER0158,Emergency Fund,savings,147032,113037,6897,2028-03-19,1,active,76.88
USER0159,Car Purchase,purchase,720190,25622,8232,2029-07-12,5,active,3.56
USER0159,Debt Payoff,debt_payoff,254959,89813,5888,2026-12-25,1,active,35.23
USER0159,Emergency Fund,savings,98717,61448,7693,2028-02-18,3,active,62.25
USER0160,Debt Payoff,debt_payoff,423507,13766,15431,2028-07-17,4,active,3.25
USER0160,Wedding,purchase,760404,389996,15298,2027-06-23,3,active,51.29
USER0161,Wedding,purchase,662977,85684,11098,2027-06-23,5,active,12.92
USER0161,Vacation,purchase,113346,40087,3741,2030-02-07,5,active,35.37
USER0161,Emergency Fund,savings,50905,10699,16153,2028-09-15,5,active,21.02
USER0162,Wedding,purchase,333927,87426,1999,2030-08-06,2,active,26.18
USER0162,Vacation,purchase,146607,80583,9018,2030-10-05,4,active,54.97
USER0163,Vacation,purchase,61641,10437,6732,2029-12-09,1,active,16.93
USER0164,Vacation,purchase,120324,49181,17128,2027-02-23,3,active,40.87
USER0164,Emergency Fund,savings,69373,49964,14829,2027-01-24,1,active,72.02
USER0164,Retirement Fund,savings,2399936,1603189,15021,2027-04-24,2,active,66.8
USER0164,Education Fund,savings,230060,134451,18346,2027-08-22,2,active,58.44
USER0165,Education Fund,savings,820716,438565,1566,2027-02-23,2,active,53.44
USER0166,Vacation,purchase,178972,26018,14373,2030-04-08,5,active,14.54
USER0166,Debt Payoff,debt_payoff,360014,71658,14315,2027-12-20,1,active,19.9
USER0166,Retirement Fund,savings,3126264,1076539,3295,2028-12-14,4,active,34.44
USER0166,Education Fund,savings,586584,152041,4607,2027-09-21,3,active,25.92
USER0167,Emergency Fund,savings,289913,38506,9242,2028-02-18,5,active,13.28
USER0167,Retirement Fund,savings,4086699,1284967,19309,2028-11-14,5,active,31.44
USER0168,Vacation,purchase,145624,10023,10722,2028-11-14,1,active,6.88
USER0169,Emergency Fund,savings,106177,12349,2490,2028-11-14,3,active,11.63
USER0169,Car Purchase,purchase,1368182,95057,17863,2030-12-04,2,active,6.95
USER0169,Education Fund,savings,396898,9528,3359,2029-03-14,1,active,2.4
USER0169,House Down Payment,purchase,1806059,1167941,3741,2028-01-19,3,active,64.67
USER0170,House Down Payment,purchase,1667598,492589,18622,2028-09-15,3,active,29.54
USER0171,Vacation,purchase,179632,133370,6619,2030-06-07,2,active,74.25
USER0171,Wedding,purchase,240562,52577,1948,2030-03-09,2,active,21.86
USER0171,Debt Payoff,debt_payoff,147585,14256,6874,2027-01-24,5,active,9.66
USER0171,Retirement Fund,savings,4147965,2322050,7043,2030-10-05,1,active,55.98
USER0172,Vacation,purchase,135427,17646,9986,2027-09-21,1,active,13.03
USER0173,Debt Payoff,debt_payoff,430816,150360,10424,2027-02-23,4,active,34.9
USER0173,Vacation,purchase,133538,63325,7365,2029-08-11,3,active,47.42
USER0173,Wedding,purchase,510573,49781,2777,2027-01-24,4,active,9.75
USER0173,Education Fund,savings,498009,143783,12309,2028-01-19,1,active,28.87
USER0174,Vacation,purchase,92296,55643,11001,2031-01-03,4,active,60.29
USER0174,Debt Payoff,debt_payoff,459398,201135,19962,2027-06-23,4,active,43.78
USER0175,Emergency Fund,savings,219629,113607,4810,2027-12-20,4,active,51.73
USER0175,Car Purchase,purchase,773758,533813,9259,2030-08-06,4,active,68.99
USER0175,Debt Payoff,debt_payoff,326676,184937,10442,2030-08-06,4,active,56.61
USER0176,Education Fund,savings,500088,47030,18980,2029-08-11,1,active,9.4
USER0177,Retirement Fund,savings,2147096,155839,8186,2029-07-12,1,active,7.26
USER0177,Emergency Fund,savings,254351,179474,6594,2030-12-04,5,active,70.56
USER0177,House Down Payment,purchase,934273,742203,4030,2026-12-25,4,active,79.44
USER0177,Debt Payoff,debt_payoff,226111,140645,8325,2030-08-06,2,active,62.2
USER0178,Education Fund,savings,462416,117226,2246,2028-06-17,5,active,25.35
USER0179,Vacation,purchase,158775,37845,4129,2030-11-04,5,active,23.84
USER0179,Retirement Fund,savings,4819459,419611,7863,2029-08-11,4,active,8.71
USER0179,Car Purchase,purchase,597052,162299,13506,2029-02-12,1,active,27.18
USER0179,House Down Payment,purchase,1879130,126160,18848,2030-06-07,5,active,6.71
USER0180,Wedding,purchase,486748,218282,19815,2027-06-23,3,active,44.84
USER0180,Debt Payoff,debt_payoff,208961,47873,15780,2030-04-08,2,active,22.91
USER0180,Retirement Fund,savings,3569780,1506133,17831,2026-11-25,2,active,42.19
USER0181,Education Fund,savings,534643,6346,12581,2028-03-19,5,active,1.19
USER0181,House Down Payment,purchase,1497552,569148,3720,2030-08-06,3,active,38.01
USER0181,Wedding,purchase,323514,80991,11711,2030-01-08,5,active,25.03
USER0181,Retirement Fund,savings,3351726,2118663,8572,2030-01-08,5,active,63.21
USER0182,Retirement Fund,savings,1821907,360743,9735,2029-03-14,1,active,19.8
USER0182,Emergency Fund,savings,72869,50246,17758,2029-05-13,3,active,68.95
USER0182,Education Fund,savings,662209,67327,12887,2030-09-05,4,active,10.17
USER0183,Vacation,purchase,132479,33212,10063,2028-01-19,3,active,25.07
USER0184,Vacation,purchase,112014,63688,11371,2030-11-04,2,active,56.86
USER0185,Car Purchase,purchase,1277459,855662,12656,2027-07-23,3,active,66.98
USER0186,House Down Payment,purchase,1321879,417825,19478,2028-12-14,3,active,31.61
USER0186,Retirement Fund,savings,2317199,416687,13128,2030-10-05,5,active,17.98
USER0187,Wedding,purchase,410903,6967,11516,2028-02-18,1,active,1.7
USER0187,House Down Payment,purchase,1257275,35856,6591,2027-03-25,2,active,2.85
USER0187,Vacation,purchase,103272,62023,4979,2026-08-27,4,active,60.06
USER0188,Car Purchase,purchase,794137,228892,15615,2028-03-19,2,active,28.82
USER0189,Retirement Fund,savings,4469772,3401095,2855,2028-08-16,2,active,76.09
USER0189,Wedding,purchase,201450,53336,14433,2030-05-08,3,active,26.48
USER0189,House Down Payment,purchase,1540309,768533,18026,2027-09-21,2,active,49.89
USER0189,Vacation,purchase,94401,26298,2355,2030-11-04,3,active,27.86
USER0190,Retirement Fund,savings,1370454,309473,8510,2030-09-05,4,active,22.58
USER0190,Car Purchase,purchase,724014,320250,8726,2027-06-23,4,active,44.23
USER0190,Debt Payoff,debt_payoff,160247,20201,8232,2029-05-13,2,active,12.61
USER0190,Vacation,purchase,105427,15098,15384,2028-06-17,4,active,14.32
USER0191,Car Purchase,purchase,1348926,3681,9200,2028-04-18,3,active,0.27
USER0191,House Down Payment,purchase,1253674,114254,3272,2027-09-21,3,active,9.11
USER0191,Education Fund,savings,283340,35660,12976,2027-01-24,2,active,12.59
USER0192,Car Purchase,purchase,535621,240977,4032,2030-10-05,4,active,44.99
USER0193,Vacation,purchase,115681,87339,17933,2030-11-04,2,active,75.5
USER0193,Car Purchase,purchase,363887,81957,18927,2030-01-08,4,active,22.52
USER0193,Retirement Fund,savings,1022575,4701,5745,2027-06-23,5,active,0.46
USER0193,Debt Payoff,debt_payoff,355068,95246,18606,2030-08-06,1,active,26.82
USER0194,House Down Payment,purchase,1206839,368142,8586,2029-10-10,2,active,30.5
USER0195,Emergency Fund,savings,284088,121387,16819,2029-12-09,1,active,42.73
USER0195,Car Purchase,purchase,1075916,93740,18957,2029-06-12,2,active,8.71
USER0196,Vacation,purchase,155343,38360,14953,2029-09-10,1,active,24.69
USER0196,Retirement Fund,savings,2211425,1381353,16865,2030-03-09,1,active,62.46
USER0196,Education Fund,savings,982935,299001,15302,2030-04-08,2,active,30.42
USER0197,Emergency Fund,savings,291101,129322,4362,2027-09-21,2,active,44.43
USER0197,House Down Payment,purchase,504142,302444,7708,2030-07-07,1,active,59.99
USER0197,Retirement Fund,savings,3513254,1726791,9386,2026-08-27,1,active,49.15
USER0197,Car Purchase,purchase,1470159,1017934,2762,2028-09-15,5,active,69.24
USER0198,House Down Payment,purchase,547148,371957,5469,2030-10-05,3,active,67.98
USER0198,Debt Payoff,debt_payoff,478650,69160,11508,2027-10-21,1,active,14.45
USER0199,Debt Payoff,debt_payoff,181439,43697,18608,2030-04-08,1,active,24.08
USER0199,Car Purchase,purchase,1290149,104670,10006,2027-06-23,5,active,8.11
USER0199,Vacation,purchase,153644,11134,19211,2031-01-03,1,active,7.25
USER0200,Car Purchase,purchase,373031,211392,6694,2028-06-17,3,active,56.67
USER0200,Wedding,purchase,444374,299937,9344,2027-08-22,4,active,67.5
USER0200,Debt Payoff,debt_payoff,238881,110675,14430,2027-04-24,1,active,46.33
USER0200,Vacation,purchase,172594,105895,12166,2029-12-09,4,active,61.35
USER0201,Debt Payoff,debt_payoff,355088,128857,10247,2030-06-07,3,active,36.29
USER0201,Education Fund,savings,653449,181928,6606,2027-09-21,5,active,27.84
USER0201,Car Purchase,purchase,625996,52176,9949,2029-07-12,4,active,8.33
USER0201,House Down Payment,purchase,1561748,67363,2880,2026-08-27,5,active,4.31
USER0202,Car Purchase,purchase,371966,178915,16189,2029-02-12,3,active,48.1
USER0202,Emergency Fund,savings,79788,30209,11960,2030-05-08,2,active,37.86
USER0203,Education Fund,savings,232601,34900,13830,2029-11-09,4,active,15.0
USER0204,Vacation,purchase,184728,28548,9303,2029-08-11,4,active,15.45
USER0205,Education Fund,savings,967573,80748,13036,2026-07-28,2,active,8.35
USER0205,Retirement Fund,savings,4890673,534756,15343,2028-06-17,2,active,10.93
USER0205,Vacation,purchase,73430,37069,12095,2026-08-27,4,active,50.48
USER0205,Car Purchase,purchase,910037,112127,19840,2029-09-10,5,active,12.32
USER0206,House Down Payment,purchase,1734031,895312,12848,2028-06-17,2,active,51.63
USER0207,Debt Payoff,debt_payoff,156777,27885,2203,2027-03-25,2,active,17.79
USER0207,Retirement Fund,savings,3660119,178089,9786,2027-07-23,3,active,4.87
USER0208,Debt Payoff,debt_payoff,263682,20990,11200,2030-01-08,1,active,7.96
USER0208,Education Fund,savings,850528,70493,14765,2027-03-25,3,active,8.29
USER0209,Debt Payoff,debt_payoff,168103,48909,1783,2029-06-12,1,active,29.09
USER0209,Education Fund,savings,995921,781616,12385,2031-01-03,2,active,78.48
USER0210,Wedding,purchase,584429,114424,18814,2030-04-08,3,active,19.58
USER0210,Vacation,purchase,72547,20884,3560,2028-02-18,1,active,28.79
USER0210,Emergency Fund,savings,75026,44861,13875,2028-10-15,3,active,59.79
USER0211,Retirement Fund,savings,4901581,124641,17498,2027-03-25,5,active,2.54
USER0211,Vacation,purchase,128732,19472,19070,2030-02-07,4,active,15.13
USER0211,Debt Payoff,debt_payoff,460041,221800,14772,2026-12-25,5,active,48.21
USER0211,Emergency Fund,savings,137549,203,14197,2028-09-15,4,active,0.15
USER0212,Debt Payoff,debt_payoff,440701,107211,18439,2028-03-19,4,active,24.33
USER0212,Wedding,purchase,241169,15614,11204,2029-07-12,4,active,6.47
USER0212,Education Fund,savings,737767,449102,16756,2030-10-05,1,active,60.87
USER0212,Car Purchase,purchase,1229277,749486,17220,2027-09-21,3,active,60.97
USER0213,Car Purchase,purchase,534994,93842,4445,2028-08-16,5,active,17.54
USER0213,Vacation,purchase,86422,42048,6087,2030-01-08,3,active,48.65
USER0213,Debt Payoff,debt_payoff,296024,140764,5030,2028-10-15,5,active,47.55
USER0213,Emergency Fund,savings,186429,4752,10976,2027-09-21,2,active,2.55
USER0214,Education Fund,savings,541260,240991,18471,2030-09-05,1,active,44.52
USER0214,Wedding,purchase,740632,1254,10243,2030-12-04,2,active,0.17
USER0214,Retirement Fund,savings,2770242,491991,10472,2027-03-25,3,active,17.76
USER0215,Wedding,purchase,667432,177957,7480,2030-07-07,2,active,26.66
USER0215,Emergency Fund,savings,110792,42871,1609,2026-08-27,3,active,38.7
USER0215,Debt Payoff,debt_payoff,491570,128436,3546,2030-08-06,5,active,26.13
USER0216,Retirement Fund,savings,4218510,3313574,6313,2027-12-20,5,active,78.55
USER0216,Wedding,purchase,287418,37356,12154,2030-11-04,1,active,13.0
USER0216,Emergency Fund,savings,90870,42401,1468,2028-07-17,2,active,46.66
USER0216,Vacation,purchase,190541,144016,19173,2029-02-12,3,active,75.58
USER0217,Car Purchase,purchase,600349,211262,11462,2029-06-12,2,active,35.19
USER0217,Education Fund,savings,800723,38285,8085,2029-01-13,3,active,4.78
USER0217,Vacation,purchase,141004,93474,14969,2027-01-24,3,active,66.29
USER0218,Education Fund,savings,380132,281472,11279,2027-09-21,3,active,74.05
USER0219,House Down Payment,purchase,1362625,488472,8301,2028-03-19,5,active,35.85
USER0219,Debt Payoff,debt_payoff,272723,174138,13092,2029-05-13,4,active,63.85
USER0220,Wedding,purchase,218459,62655,13201,2027-01-24,2,active,28.68
USER0220,House Down Payment,purchase,750633,491750,15469,2029-01-13,2,active,65.51
USER0220,Retirement Fund,savings,1917357,621403,3905,2030-04-08,4,active,32.41
USER0221,Car Purchase,purchase,1270034,789899,19644,2030-03-09,3,active,62.2
USER0221,House Down Payment,purchase,1168169,91829,7329,2027-11-20,1,active,7.86
USER0221,Vacation,purchase,54086,37107,17723,2027-05-24,2,active,68.61
USER0221,Education Fund,savings,559998,387043,12128,2027-04-24,2,active,69.12
USER0222,Retirement Fund,savings,1695755,182280,7641,2027-03-25,1,active,10.75
USER0222,Education Fund,savings,395842,274214,12762,2027-09-21,4,active,69.27
USER0222,Emergency Fund,savings,109124,63246,15532,2029-06-12,2,active,57.96
USER0223,Emergency Fund,savings,191019,82743,1638,2030-01-08,3,active,43.32
USER0223,Vacation,purchase,120354,22489,19821,2028-08-16,4,active,18.69
USER0223,Car Purchase,purchase,465001,55101,5722,2028-02-18,1,active,11.85
USER0223,Retirement Fund,savings,1300348,256257,8384,2030-02-07,5,active,19.71
USER0224,Car Purchase,purchase,1065442,809881,7865,2029-12-09,4,active,76.01
USER0224,Vacation,purchase,155377,76016,19778,2030-04-08,4,active,48.92
USER0224,Wedding,purchase,257783,50509,5255,2028-08-16,3,active,19.59
USER0224,Emergency Fund,savings,191655,39731,4050,2030-12-04,3,active,20.73
USER0225,Education Fund,savings,334206,173101,6896,2027-11-20,1,active,51.79
USER0225,Debt Payoff,debt_payoff,447960,235008,3273,2029-02-12,2,active,52.46
USER0225,Retirement Fund,savings,1767227,123407,11187,2029-07-12,1,active,6.98
USER0225,Wedding,purchase,591105,135825,14948,2026-11-25,4,active,22.98
USER0226,Vacation,purchase,58490,46477,16630,2029-03-14,2,active,79.46
USER0226,Retirement Fund,savings,1118522,138842,5195,2026-08-27,4,active,12.41
USER0226,Wedding,purchase,467931,56205,8454,2028-06-17,5,active,12.01
USER0227,House Down Payment,purchase,1577509,971514,17275,2026-10-26,3,active,61.59
USER0228,House Down Payment,purchase,1251904,305855,19917,2027-11-20,2,active,24.43
USER0229,Retirement Fund,savings,3463442,240819,1912,2030-06-07,5,active,6.95
USER0229,Debt Payoff,debt_payoff,248332,45295,19922,2027-09-21,1,active,18.24
USER0230,Debt Payoff,debt_payoff,461777,114908,1980,2030-09-05,3,active,24.88
USER0230,Vacation,purchase,69793,19165,18203,2028-11-14,5,active,27.46
USER0230,Emergency Fund,savings,118001,84153,5380,2027-06-23,4,active,71.32
USER0231,House Down Payment,purchase,1334713,723481,17938,2027-12-20,5,active,54.2
USER0231,Retirement Fund,savings,2563112,1012882,8942,2027-12-20,5,active,39.52
USER0231,Education Fund,savings,896668,350756,3554,2026-12-25,4,active,39.12
USER0232,Emergency Fund,savings,185901,42587,5699,2027-04-24,4,active,22.91
USER0232,Vacation,purchase,179944,112638,17756,2027-02-23,2,active,62.6
USER0233,Car Purchase,purchase,346902,267883,11438,2028-03-19,2,active,77.22
USER0233,Vacation,purchase,186834,110244,11843,2028-09-15,4,active,59.01
USER0233,Education Fund,savings,568552,133899,16575,2027-07-23,3,active,23.55
USER0234,Education Fund,savings,356338,284553,8250,2030-09-05,2,active,79.85
USER0234,House Down Payment,purchase,1380126,36368,8767,2028-04-18,4,active,2.64
USER0235,Vacation,purchase,178531,9821,16799,2030-11-04,5,active,5.5
USER0235,House Down Payment,purchase,897401,620543,15007,2027-01-24,1,active,69.15
USER0236,Car Purchase,purchase,983520,36317,9011,2028-03-19,3,active,3.69
USER0236,Retirement Fund,savings,3344163,574269,3481,2028-02-18,1,active,17.17
USER0237,Emergency Fund,savings,271904,70794,1636,2030-03-09,5,active,26.04
USER0238,Retirement Fund,savings,2298849,734558,14986,2030-03-09,1,active,31.95
USER0238,Car Purchase,purchase,738354,497339,4410,2026-08-27,1,active,67.36
USER0238,Education Fund,savings,884905,143407,5877,2027-07-23,5,active,16.21
USER0238,Wedding,purchase,533078,322773,3705,2026-08-27,2,active,60.55
USER0239,Debt Payoff,debt_payoff,100992,76789,3974,2027-03-25,2,active,76.03
USER0240,Debt Payoff,debt_payoff,462062,163675,5754,2028-06-17,5,active,35.42
USER0240,Emergency Fund,savings,241884,33864,4036,2028-04-18,2,active,14.0
USER0240,Wedding,purchase,430569,165297,14446,2026-10-26,2,active,38.39
USER0241,Emergency Fund,savings,95014,12478,15960,2030-03-09,1,active,13.13
USER0241,Retirement Fund,savings,4936137,2137692,5756,2029-01-13,1,active,43.31
USER0242,Car Purchase,purchase,557800,292488,18103,2026-11-25,1,active,52.44
USER0242,House Down Payment,purchase,1947388,143531,19801,2030-04-08,1,active,7.37
USER0242,Emergency Fund,savings,264167,157435,18284,2026-11-25,4,active,59.6
USER0243,House Down Payment,purchase,1924375,1240680,19660,2030-01-08,3,active,64.47
USER0243,Debt Payoff,debt_payoff,409237,292327,5318,2030-05-08,5,active,71.43
USER0243,Vacation,purchase,179266,131510,12433,2026-08-27,4,active,73.36
USER0243,Car Purchase,purchase,1465185,415905,4327,2028-03-19,3,active,28.39
USER0244,Car Purchase,purchase,784705,521760,3863,2026-10-26,3,active,66.49
USER0244,Emergency Fund,savings,267254,100502,15319,2027-12-20,3,active,37.61
USER0245,Emergency Fund,savings,265802,46433,3436,2026-07-28,3,active,17.47
USER0246,Car Purchase,purchase,550437,318040,12436,2027-05-24,4,active,57.78
USER0246,Vacation,purchase,131469,38068,7109,2026-09-26,5,active,28.96
USER0247,Emergency Fund,savings,262025,96564,12563,2028-04-18,5,active,36.85
USER0247,Retirement Fund,savings,1778028,1163199,16458,2027-12-20,5,active,65.42
USER0247,Education Fund,savings,466525,21249,18258,2030-11-04,2,active,4.55
USER0248,House Down Payment,purchase,1081286,92264,14818,2028-10-15,1,active,8.53
USER0248,Education Fund,savings,403642,160785,8517,2028-08-16,2,active,39.83
USER0248,Car Purchase,purchase,1022682,685287,13923,2031-01-03,1,active,67.01
USER0249,Wedding,purchase,309440,62857,7224,2029-10-10,2,active,20.31
USER0249,Car Purchase,purchase,1429740,141153,12557,2028-12-14,4,active,9.87
USER0250,Vacation,purchase,64287,12103,13012,2026-12-25,1,active,18.83
USER0250,Wedding,purchase,600497,377443,8198,2026-11-25,2,active,62.86
USER0251,Education Fund,savings,964990,414037,12785,2028-09-15,1,active,42.91
USER0251,Retirement Fund,savings,2507374,11609,13390,2029-04-13,2,active,0.46
USER0252,House Down Payment,purchase,1496426,856778,12717,2029-03-14,1,active,57.25
USER0252,Emergency Fund,savings,51187,21181,6824,2027-02-23,1,active,41.38
USER0252,Debt Payoff,debt_payoff,482440,62358,5373,2028-11-14,2,active,12.93
USER0252,Wedding,purchase,324632,152952,16186,2027-07-23,5,active,47.12
USER0253,Car Purchase,purchase,774209,242912,19245,2030-08-06,5,active,31.38
USER0253,Wedding,purchase,578903,84034,11824,2028-03-19,4,active,14.52
USER0253,Education Fund,savings,683369,220763,5693,2028-02-18,3,active,32.31
USER0254,Car Purchase,purchase,999318,400784,15036,2029-06-12,4,active,40.11
USER0254,Emergency Fund,savings,137966,27377,19138,2030-09-05,4,active,19.84
USER0254,Education Fund,savings,756814,39646,5908,2030-04-08,5,active,5.24
USER0255,House Down Payment,purchase,1273802,32675,12451,2028-12-14,5,active,2.57
USER0256,Vacation,purchase,119237,18816,11398,2029-03-14,2,active,15.78
USER0256,Education Fund,savings,735655,557174,1425,2030-09-05,2,active,75.74
USER0257,Retirement Fund,savings,4848394,178409,8272,2030-09-05,4,active,3.68
USER0257,House Down Payment,purchase,1141912,880780,1029,2030-10-05,5,active,77.13
USER0258,Retirement Fund,savings,3328287,226431,18392,2031-01-03,3,active,6.8
USER0258,Car Purchase,purchase,939649,251497,15214,2030-01-08,1,active,26.76
USER0259,Wedding,purchase,798543,477966,9611,2027-11-20,2,active,59.85
USER0259,Car Purchase,purchase,1355469,931012,12155,2029-09-10,3,active,68.69
USER0260,House Down Payment,purchase,1300439,773458,5614,2026-07-28,2,active,59.48
USER0261,Vacation,purchase,53937,40782,16685,2028-08-16,5,active,75.61
USER0261,Wedding,purchase,466675,101041,6978,2028-08-16,3,active,21.65
USER0262,Retirement Fund,savings,4804237,1779891,8700,2029-08-11,5,active,37.05
USER0262,House Down Payment,purchase,1521605,82616,2717,2027-06-23,5,active,5.43
USER0262,Wedding,purchase,293345,112805,9057,2029-02-12,4,active,38.45
USER0262,Car Purchase,purchase,322276,205527,8976,2029-06-12,4,active,63.77
USER0263,Car Purchase,purchase,1477294,95573,4239,2029-07-12,2,active,6.47
USER0264,Education Fund,savings,998533,585345,6249,2029-03-14,2,active,58.62
USER0264,Vacation,purchase,135603,25256,17130,2028-10-15,4,active,18.62
USER0264,Wedding,purchase,783490,72067,15054,2030-04-08,4,active,9.2
USER0264,Retirement Fund,savings,2972405,708652,1495,2028-11-14,4,active,23.84
USER0265,Education Fund,savings,729642,422377,17648,2028-03-19,1,active,57.89
USER0265,Retirement Fund,savings,2885207,703648,4341,2030-04-08,2,active,24.39
USER0265,Vacation,purchase,168564,30662,2628,2027-04-24,1,active,18.19
USER0266,Emergency Fund,savings,87523,68698,19632,2029-06-12,2,active,78.49
USER0266,Education Fund,savings,416358,153379,10123,2029-01-13,1,active,36.84
USER0266,Retirement Fund,savings,1553633,322705,5021,2027-08-22,4,active,20.77
USER0266,Vacation,purchase,96232,7639,14221,2027-10-21,4,active,7.94
USER0267,Car Purchase,purchase,324559,49262,12371,2030-02-07,1,active,15.18
USER0267,Education Fund,savings,592405,147768,3855,2029-07-12,4,active,24.94
USER0268,Vacation,purchase,172756,86037,16899,2028-02-18,4,active,49.8
USER0269,House Down Payment,purchase,1067751,763672,9996,2029-08-11,1,active,71.52
USER0269,Wedding,purchase,691003,170683,7587,2029-11-09,5,active,24.7
USER0269,Vacation,purchase,178332,17406,8371,2030-02-07,1,active,9.76
USER0269,Car Purchase,purchase,317630,174202,3442,2028-11-14,2,active,54.84
USER0270,Retirement Fund,savings,3553932,1052079,1804,2030-01-08,3,active,29.6
USER0270,Vacation,purchase,68443,1243,9051,2027-11-20,3,active,1.82
USER0270,Car Purchase,purchase,333599,263032,18946,2030-10-05,1,active,78.85
USER0271,Retirement Fund,savings,4913466,101026,11007,2027-02-23,2,active,2.06
USER0272,Debt Payoff,debt_payoff,357088,25431,3286,2030-01-08,3,active,7.12
USER0272,Car Purchase,purchase,1143419,862198,16489,2029-11-09,4,active,75.41
USER0272,Vacation,purchase,153227,67465,8255,2030-03-09,3,active,44.03
USER0272,Wedding,purchase,665139,479952,3708,2027-06-23,1,active,72.16
USER0273,Car Purchase,purchase,579161,36527,13833,2028-08-16,5,active,6.31
USER0274,Car Purchase,purchase,1055510,487682,13315,2030-04-08,3,active,46.2
USER0275,House Down Payment,purchase,1263451,264054,5362,2028-10-15,3,active,20.9
USER0276,Car Purchase,purchase,732284,52067,6015,2027-09-21,4,active,7.11
USER0276,Retirement Fund,savings,4050736,376834,9579,2027-05-24,5,active,9.3
USER0276,Vacation,purchase,140019,42896,7767,2028-01-19,2,active,30.64
USER0277,Retirement Fund,savings,1863149,304320,12484,2027-02-23,5,active,16.33
USER0278,House Down Payment,purchase,1389656,563234,14717,2030-04-08,5,active,40.53
USER0278,Vacation,purchase,160844,36815,19999,2026-08-27,1,active,22.89
USER0278,Emergency Fund,savings,197847,25253,5716,2028-11-14,3,active,12.76
USER0279,Retirement Fund,savings,1614878,278013,18722,2027-02-23,1,active,17.22
USER0279,House Down Payment,purchase,792416,103145,9371,2030-05-08,5,active,13.02
USER0280,House Down Payment,purchase,1456698,45904,2731,2027-09-21,5,active,3.15
USER0280,Wedding,purchase,658016,387540,4227,2027-12-20,3,active,58.9
USER0281,Car Purchase,purchase,711572,402367,3227,2030-03-09,1,active,56.55
USER0281,Debt Payoff,debt_payoff,338991,105888,3943,2026-12-25,4,active,31.24
USER0281,Emergency Fund,savings,56558,37561,9396,2027-01-24,5,active,66.41
USER0281,House Down Payment,purchase,1269171,784508,17205,2031-01-03,5,active,61.81
USER0282,Car Purchase,purchase,696799,550205,18786,2029-12-09,1,active,78.96
USER0282,Wedding,purchase,241055,42576,17228,2029-03-14,3,active,17.66
USER0282,House Down Payment,purchase,726930,362280,11580,2028-06-17,3,active,49.84
USER0283,Vacation,purchase,57592,1515,15590,2027-09-21,1,active,2.63
USER0284,House Down Payment,purchase,815271,34541,3648,2029-10-10,4,active,4.24
USER0284,Debt Payoff,debt_payoff,268420,31294,13349,2028-07-17,2,active,11.66
USER0284,Retirement Fund,savings,4913421,2625929,17088,2029-07-12,1,active,53.44
USER0284,Emergency Fund,savings,220465,60480,8652,2029-03-14,2,active,27.43
USER0285,Retirement Fund,savings,2643566,439005,10548,2031-01-03,1,active,16.61
USER0285,Emergency Fund,savings,258551,162733,8425,2029-08-11,4,active,62.94
USER0285,Wedding,purchase,321311,148930,8443,2028-10-15,5,active,46.35
USER0285,Debt Payoff,debt_payoff,282200,177792,5006,2029-01-13,3,active,63.0
USER0286,Retirement Fund,savings,1981059,621675,6602,2027-07-23,4,active,31.38
USER0286,Wedding,purchase,467613,146855,18005,2030-10-05,2,active,31.41
USER0287,Car Purchase,purchase,1312408,32724,6171,2027-11-20,3,active,2.49
USER0287,Debt Payoff,debt_payoff,278594,180498,3589,2027-03-25,2,active,64.79
USER0287,Vacation,purchase,66283,3488,13998,2029-06-12,4,active,5.26
USER0287,House Down Payment,purchase,1635746,1136665,4471,2030-01-08,2,active,69.49
USER0288,Education Fund,savings,931256,466204,4121,2026-12-25,4,active,50.06
USER0288,House Down Payment,purchase,1970396,337278,2005,2027-02-23,1,active,17.12
USER0289,Education Fund,savings,246131,45006,11991,2030-01-08,5,active,18.29
USER0290,Education Fund,savings,836902,581645,15834,2027-01-24,5,active,69.5
USER0291,Car Purchase,purchase,943738,560797,4762,2030-05-08,4,active,59.42
USER0292,House Down Payment,purchase,1745850,358431,17670,2028-06-17,2,active,20.53
USER0292,Vacation,purchase,125275,25956,18999,2028-08-16,1,active,20.72
USER0292,Emergency Fund,savings,177477,84101,8397,2026-12-25,4,active,47.39
USER0293,Wedding,purchase,329084,37447,8418,2028-03-19,4,active,11.38
USER0293,Car Purchase,purchase,757299,446414,16504,2026-08-27,4,active,58.95
USER0293,Vacation,purchase,156755,69515,6064,2028-02-18,5,active,44.35
USER0293,Education Fund,savings,281318,86618,2093,2028-01-19,2,active,30.79
USER0294,Car Purchase,purchase,1114130,707917,19932,2028-05-18,1,active,63.54
USER0294,Retirement Fund,savings,2665057,1875322,10172,2030-09-05,2,active,70.37
USER0294,House Down Payment,purchase,539330,264563,2516,2030-12-04,2,active,49.05
USER0295,Education Fund,savings,476483,170530,18932,2027-09-21,4,active,35.79
USER0295,Retirement Fund,savings,2265734,1785280,3465,2029-11-09,4,active,78.79
USER0296,Retirement Fund,savings,3498542,2535004,14878,2026-10-26,1,active,72.46
USER0296,House Down Payment,purchase,1655661,1237009,7206,2027-08-22,1,active,74.71
USER0297,Wedding,purchase,363525,284855,5690,2031-01-03,2,active,78.36
USER0297,Emergency Fund,savings,67103,18680,17818,2029-11-09,3,active,27.84
USER0298,Education Fund,savings,856089,99694,1769,2027-12-20,1,active,11.65
USER0298,Car Purchase,purchase,1263011,888407,7989,2029-11-09,1,active,70.34
USER0299,Vacation,purchase,123331,74237,6061,2027-03-25,1,active,60.19
USER0300,House Down Payment,purchase,1137056,119906,17463,2030-10-05,5,active,10.55
USER0300,Emergency Fund,savings,179023,26798,6499,2027-04-24,3,active,14.97
USER0300,Vacation,purchase,191899,65803,5714,2030-12-04,3,active,34.29
USER0301,Education Fund,savings,600763,370460,16783,2027-01-24,1,active,61.66
USER0301,Retirement Fund,savings,3783144,1185157,7915,2027-08-22,5,active,31.33
USER0302,Emergency Fund,savings,102564,65206,18730,2026-12-25,3,active,63.58
USER0302,Vacation,purchase,69693,13555,9638,2026-07-28,3,active,19.45
USER0302,Car Purchase,purchase,1352506,999402,9552,2028-07-17,3,active,73.89
USER0302,Education Fund,savings,489442,44940,6513,2029-12-09,3,active,9.18
USER0303,Car Purchase,purchase,1348606,399694,3378,2030-03-09,1,active,29.64
USER0304,Retirement Fund,savings,4248969,1576828,2677,2029-07-12,5,active,37.11
USER0305,Education Fund,savings,350981,132442,5628,2027-05-24,2,active,37.73
USER0306,Debt Payoff,debt_payoff,199638,74529,4786,2027-11-20,1,active,37.33
USER0306,Education Fund,savings,247953,9483,16184,2028-10-15,5,active,3.82
USER0306,House Down Payment,purchase,541144,167840,13933,2029-01-13,4,active,31.02
USER0307,Debt Payoff,debt_payoff,109010,53819,19464,2027-11-20,5,active,49.37
USER0307,Retirement Fund,savings,1553193,1011847,14981,2027-01-24,5,active,65.15
USER0307,Emergency Fund,savings,78417,27428,7716,2030-09-05,2,active,34.98
USER0308,House Down Payment,purchase,626757,172494,12355,2029-10-10,2,active,27.52
USER0308,Car Purchase,purchase,1345824,725401,6705,2028-02-18,2,active,53.9
USER0308,Retirement Fund,savings,2275798,286220,7384,2030-04-08,5,active,12.58
USER0308,Vacation,purchase,147456,49720,5745,2027-04-24,5,active,33.72
USER0309,Education Fund,savings,885656,492728,8387,2030-06-07,2,active,55.63
USER0309,Vacation,purchase,196626,116391,2225,2027-02-23,1,active,59.19
USER0309,Retirement Fund,savings,1457140,1016284,10155,2028-02-18,1,active,69.75
USER0310,Emergency Fund,savings,280659,15156,6022,2029-08-11,1,active,5.4
USER0311,Emergency Fund,savings,101435,30932,2458,2027-11-20,4,active,30.49
USER0312,Emergency Fund,savings,58094,16660,17516,2028-10-15,1,active,28.68
USER0312,Car Purchase,purchase,730963,117569,14107,2027-01-24,1,active,16.08
USER0312,Wedding,purchase,280124,28937,3383,2029-11-09,1,active,10.33
USER0312,Debt Payoff,debt_payoff,237851,12148,5245,2029-09-10,1,active,5.11
USER0313,Vacation,purchase,172586,36136,4897,2029-06-12,3,active,20.94
USER0313,House Down Payment,purchase,1850324,860682,4575,2030-03-09,2,active,46.52
USER0313,Debt Payoff,debt_payoff,287158,112258,8400,2029-09-10,2,active,39.09
USER0313,Emergency Fund,savings,119544,4450,14911,2029-07-12,2,active,3.72
USER0314,Car Purchase,purchase,1041508,403516,3410,2028-06-17,1,active,38.74
USER0314,Retirement Fund,savings,3116681,834713,2756,2027-08-22,1,active,26.78
USER0314,Wedding,purchase,443800,270106,18887,2028-05-18,3,active,60.86
USER0314,Emergency Fund,savings,232249,39672,4690,2030-11-04,5,active,17.08
USER0315,Retirement Fund,savings,3584068,2525637,5549,2028-09-15,2,active,70.47
USER0315,Wedding,purchase,325188,207793,14456,2027-09-21,1,active,63.9
USER0315,Vacation,purchase,126757,75706,8502,2027-06-23,1,active,59.73
USER0315,House Down Payment,purchase,1978436,1216185,11538,2027-02-23,5,active,61.47
USER0316,Wedding,purchase,373956,145865,3778,2027-11-20,4,active,39.01
USER0316,House Down Payment,purchase,1018236,718990,17140,2026-11-25,1,active,70.61
USER0316,Vacation,purchase,171849,56246,8460,2027-08-22,5,active,32.73
USER0316,Emergency Fund,savings,59977,7939,1429,2028-07-17,4,active,13.24
USER0317,Wedding,purchase,630240,306119,14384,2029-04-13,1,active,48.57
USER0317,Retirement Fund,savings,3628543,2681537,7874,2030-01-08,4,active,73.9
USER0317,House Down Payment,purchase,1413975,243139,18652,2030-12-04,3,active,17.2
USER0317,Car Purchase,purchase,751387,571311,19490,2028-02-18,4,active,76.03
USER0318,Debt Payoff,debt_payoff,105433,59190,17531,2028-01-19,3,active,56.14
USER0318,Wedding,purchase,656786,474237,12933,2027-12-20,1,active,72.21
USER0318,Retirement Fund,savings,1474742,700746,2713,2027-08-22,3,active,47.52
USER0318,Car Purchase,purchase,844593,550734,2428,2027-06-23,4,active,65.21
USER0319,Car Purchase,purchase,735874,202903,13851,2027-10-21,1,active,27.57
USER0319,Wedding,purchase,237546,74128,1099,2027-08-22,4,active,31.21
USER0319,Vacation,purchase,120177,90578,16612,2030-08-06,3,active,75.37
USER0319,House Down Payment,purchase,592044,26451,7119,2028-12-14,5,active,4.47
USER0320,Retirement Fund,savings,3395011,494845,7464,2029-09-10,5,active,14.58
USER0321,Education Fund,savings,235878,167130,7407,2029-05-13,5,active,70.85
USER0322,Vacation,purchase,167164,98225,5671,2027-10-21,3,active,58.76
USER0322,Debt Payoff,debt_payoff,408828,206759,7265,2027-06-23,2,active,50.57
USER0322,Wedding,purchase,612761,369786,4383,2026-11-25,4,active,60.35
USER0322,Car Purchase,purchase,1476673,76790,12448,2029-08-11,5,active,5.2
USER0323,Wedding,purchase,409663,238248,4493,2027-12-20,3,active,58.16
USER0323,Vacation,purchase,182920,12321,17135,2029-02-12,2,active,6.74
USER0323,House Down Payment,purchase,937619,160893,10696,2028-02-18,1,active,17.16
USER0323,Retirement Fund,savings,1684826,975936,15040,2028-02-18,5,active,57.93
USER0324,House Down Payment,purchase,1848010,488543,10217,2028-09-15,5,active,26.44
USER0325,Emergency Fund,savings,297524,148221,8433,2028-11-14,3,active,49.82
USER0325,Education Fund,savings,315232,20764,7746,2026-09-26,5,active,6.59
USER0325,Vacation,purchase,133304,64185,2385,2030-07-07,3,active,48.15
USER0326,Emergency Fund,savings,103718,77293,19457,2030-12-04,4,active,74.52
USER0326,Retirement Fund,savings,1543035,976317,10569,2028-10-15,3,active,63.27
USER0326,Education Fund,savings,625708,171448,6602,2029-04-13,2,active,27.4
USER0326,House Down Payment,purchase,1917149,554632,11782,2030-07-07,5,active,28.93
USER0327,Wedding,purchase,222527,164135,5295,2029-04-13,3,active,73.76
USER0327,Education Fund,savings,740680,456520,13402,2026-09-26,1,active,61.64
USER0327,House Down Payment,purchase,995032,210582,14493,2029-06-12,2,active,21.16
USER0327,Debt Payoff,debt_payoff,219453,171451,12891,2028-08-16,1,active,78.13
USER0328,Emergency Fund,savings,111485,44207,19676,2028-12-14,2,active,39.65
USER0329,Emergency Fund,savings,296709,55221,15546,2027-05-24,3,active,18.61
USER0329,Car Purchase,purchase,786463,39882,4114,2029-04-13,4,active,5.07
USER0329,Retirement Fund,savings,3953450,457631,2996,2027-04-24,3,active,11.58
USER0330,House Down Payment,purchase,1341131,869396,10604,2028-07-17,3,active,64.83
USER0330,Retirement Fund,savings,3769306,1004723,15096,2027-07-23,2,active,26.66
USER0330,Vacation,purchase,50971,22321,4803,2030-04-08,4,active,43.79
USER0331,Education Fund,savings,479804,215613,6494,2030-09-05,3,active,44.94
USER0332,House Down Payment,purchase,1200409,519588,5471,2029-02-12,2,active,43.28
USER0332,Wedding,purchase,413800,129152,13222,2027-06-23,4,active,31.21
USER0332,Retirement Fund,savings,4221191,2249700,18013,2031-01-03,4,active,53.3
USER0333,Debt Payoff,debt_payoff,471487,120681,12724,2027-09-21,5,active,25.6
USER0333,Car Purchase,purchase,668715,375208,17852,2027-02-23,3,active,56.11
USER0333,Retirement Fund,savings,2576424,1068313,4561,2030-04-08,4,active,41.46
USER0334,Debt Payoff,debt_payoff,419474,110021,10738,2026-08-27,1,active,26.23
USER0334,House Down Payment,purchase,1322631,668166,7431,2028-01-19,1,active,50.52
USER0335,Retirement Fund,savings,2111549,1035957,2180,2027-01-24,4,active,49.06
USER0335,Car Purchase,purchase,376241,125589,11129,2028-02-18,4,active,33.38
USER0335,Wedding,purchase,228625,104021,4345,2028-01-19,2,active,45.5
USER0335,Emergency Fund,savings,249011,41740,5104,2027-02-23,4,active,16.76
USER0336,Car Purchase,purchase,846537,485856,19365,2029-02-12,2,active,57.39
USER0336,Wedding,purchase,357014,25419,2856,2030-08-06,5,active,7.12
USER0336,Vacation,purchase,83837,17932,17002,2029-06-12,1,active,21.39
USER0336,Retirement Fund,savings,1350555,536088,9427,2029-10-10,4,active,39.69
USER0337,Education Fund,savings,959412,478320,9169,2030-11-04,3,active,49.86
USER0337,House Down Payment,purchase,874816,217927,3218,2030-02-07,3,active,24.91
USER0337,Retirement Fund,savings,3752993,1481044,18108,2026-09-26,3,active,39.46
USER0338,Emergency Fund,savings,82886,37733,10773,2028-04-18,3,active,45.52
USER0339,Emergency Fund,savings,250240,75253,2478,2026-12-25,2,active,30.07
USER0339,Car Purchase,purchase,1348248,770067,2978,2027-04-24,3,active,57.12
USER0339,Debt Payoff,debt_payoff,167122,29981,4227,2030-03-09,2,active,17.94
USER0339,Wedding,purchase,408357,307914,1422,2029-10-10,1,active,75.4
USER0340,House Down Payment,purchase,865378,602013,18021,2030-02-07,1,active,69.57
USER0341,Car Purchase,purchase,1323362,1046457,2329,2027-03-25,5,active,79.08
USER0342,House Down Payment,purchase,699175,242873,9180,2030-03-09,3,active,34.74
USER0342,Emergency Fund,savings,75480,43660,9857,2027-05-24,2,active,57.84
USER0342,Debt Payoff,debt_payoff,220718,46910,7429,2029-03-14,1,active,21.25
USER0342,Wedding,purchase,449333,166286,5573,2027-01-24,2,active,37.01
USER0343,House Down Payment,purchase,1489721,488705,8074,2030-12-04,5,active,32.81
USER0343,Car Purchase,purchase,769908,490515,7971,2029-12-09,5,active,63.71
USER0344,Wedding,purchase,328593,55096,16689,2030-07-07,1,active,16.77
USER0344,Debt Payoff,debt_payoff,430750,116621,9753,2028-11-14,2,active,27.07
USER0344,Education Fund,savings,879186,603286,15955,2026-10-26,2,active,68.62
USER0345,House Down Payment,purchase,737449,461284,11741,2028-03-19,2,active,62.55
USER0345,Car Purchase,purchase,1324991,446946,15852,2030-05-08,5,active,33.73
USER0346,Retirement Fund,savings,1674711,189719,5352,2030-05-08,1,active,11.33
USER0346,Emergency Fund,savings,117780,63887,14047,2028-01-19,3,active,54.24
USER0346,Car Purchase,purchase,1131128,706028,13298,2026-07-28,2,active,62.42
USER0346,Vacation,purchase,115101,68624,8559,2028-02-18,3,active,59.62
USER0347,Education Fund,savings,965222,119708,18065,2026-07-28,3,active,12.4
USER0347,House Down Payment,purchase,1871194,228151,2982,2030-11-04,4,active,12.19
USER0348,Retirement Fund,savings,4160353,1411902,14574,2028-04-18,5,active,33.94
USER0348,Vacation,purchase,83791,62484,5838,2029-11-09,2,active,74.57
USER0348,House Down Payment,purchase,1131543,458099,1734,2030-01-08,1,active,40.48
USER0349,Wedding,purchase,785603,622,7443,2027-09-21,1,active,0.08
USER0349,Car Purchase,purchase,703915,161238,16896,2028-11-14,1,active,22.91
USER0349,Retirement Fund,savings,4895048,1445989,18297,2027-11-20,4,active,29.54
USER0350,Education Fund,savings,614944,328192,18354,2028-07-17,4,active,53.37
USER0351,Wedding,purchase,373663,101701,3495,2029-10-10,1,active,27.22
USER0352,Education Fund,savings,778426,237503,6347,2028-10-15,1,active,30.51
USER0352,Retirement Fund,savings,1209362,159088,6008,2028-09-15,4,active,13.15
USER0352,Car Purchase,purchase,1144806,684390,16917,2029-10-10,1,active,59.78
USER0353,Wedding,purchase,270043,117249,3570,2029-11-09,4,active,43.42
USER0353,Vacation,purchase,117568,18511,8053,2027-01-24,2,active,15.74
USER0353,Debt Payoff,debt_payoff,169060,43692,15648,2029-10-10,5,active,25.84
USER0354,Emergency Fund,savings,290337,35200,7530,2029-10-10,1,active,12.12
USER0354,Education Fund,savings,430277,221364,15872,2030-06-07,3,active,51.45
USER0354,Debt Payoff,debt_payoff,395276,69405,7188,2028-11-14,4,active,17.56
USER0355,Car Purchase,purchase,679611,322383,12673,2030-03-09,3,active,47.44
USER0355,Wedding,purchase,268295,197457,15807,2026-07-28,3,active,73.6
USER0356,Emergency Fund,savings,156616,30582,2605,2030-03-09,2,active,19.53
USER0356,Education Fund,savings,411194,135237,14541,2030-05-08,4,active,32.89
USER0357,House Down Payment,purchase,1951922,368108,12659,2028-01-19,4,active,18.86
USER0358,Wedding,purchase,486376,245080,16379,2029-10-10,4,active,50.39
USER0358,Emergency Fund,savings,152870,116603,6849,2029-11-09,1,active,76.28
USER0358,Vacation,purchase,155837,107274,17965,2027-10-21,5,active,68.84
USER0358,Debt Payoff,debt_payoff,246607,78364,10976,2029-10-10,3,active,31.78
USER0359,House Down Payment,purchase,1578227,1017309,8171,2029-07-12,1,active,64.46
USER0359,Retirement Fund,savings,4626746,1805996,5097,2028-05-18,3,active,39.03
USER0359,Debt Payoff,debt_payoff,339948,119130,6473,2030-04-08,4,active,35.04
USER0359,Vacation,purchase,194140,20997,16278,2028-07-17,3,active,10.82
USER0360,Debt Payoff,debt_payoff,183967,43719,19435,2028-05-18,5,active,23.76
USER0360,House Down Payment,purchase,853478,312140,16811,2029-06-12,5,active,36.57
USER0360,Wedding,purchase,430870,108888,1692,2026-10-26,4,active,25.27
USER0360,Vacation,purchase,77120,13432,1244,2027-12-20,1,active,17.42
USER0361,Debt Payoff,debt_payoff,368911,277158,11867,2026-10-26,5,active,75.13
USER0361,Vacation,purchase,151639,11558,19514,2030-06-07,5,active,7.62
USER0361,Education Fund,savings,726140,143997,5035,2029-01-13,2,active,19.83
USER0362,Emergency Fund,savings,131587,38747,16852,2030-06-07,3,active,29.45
USER0362,Vacation,purchase,96076,9983,15004,2029-02-12,4,active,10.39
USER0363,Retirement Fund,savings,1601883,274513,9110,2028-12-14,2,active,17.14
USER0364,Retirement Fund,savings,1287842,1005846,11859,2026-09-26,4,active,78.1
USER0364,House Down Payment,purchase,1870590,273967,6706,2029-05-13,2,active,14.65
USER0365,Debt Payoff,debt_payoff,338942,93776,6077,2030-03-09,2,active,27.67
USER0365,Retirement Fund,savings,4681490,1917861,11136,2029-08-11,5,active,40.97
USER0365,Education Fund,savings,670024,274911,17319,2027-06-23,3,active,41.03
USER0365,House Down Payment,purchase,980595,326440,14420,2030-11-04,5,active,33.29
USER0366,Vacation,purchase,120602,65494,3467,2028-03-19,1,active,54.31
USER0367,Education Fund,savings,782050,611113,1120,2026-09-26,2,active,78.14
USER0367,House Down Payment,purchase,1617970,359882,11229,2026-08-27,4,active,22.24
USER0367,Wedding,purchase,363955,128594,15451,2030-03-09,1,active,35.33
USER0367,Debt Payoff,debt_payoff,462394,358937,1836,2030-12-04,5,active,77.63
USER0368,Emergency Fund,savings,85385,56322,10936,2029-02-12,2,active,65.96
USER0369,Retirement Fund,savings,1319837,380408,13226,2030-02-07,3,active,28.82
USER0369,Emergency Fund,savings,100320,65216,14615,2027-10-21,2,active,65.01
USER0369,Car Purchase,purchase,1304641,872716,5994,2029-01-13,5,active,66.89
USER0370,Retirement Fund,savings,4221345,762371,17027,2027-02-23,5,active,18.06
USER0370,Vacation,purchase,157306,105424,12560,2030-10-05,3,active,67.02
USER0370,Debt Payoff,debt_payoff,269777,149979,18821,2027-06-23,1,active,55.59
USER0371,Education Fund,savings,200715,106017,1058,2028-02-18,3,active,52.82
USER0371,Wedding,purchase,663843,133503,11920,2027-07-23,3,active,20.11
USER0371,Debt Payoff,debt_payoff,127038,62277,18733,2026-11-25,5,active,49.02
USER0372,Education Fund,savings,743475,287957,3556,2027-05-24,3,active,38.73
USER0372,Car Purchase,purchase,977488,210508,13727,2029-05-13,1,active,21.54
USER0373,Retirement Fund,savings,4059091,2293240,4648,2030-09-05,2,active,56.5
USER0373,Vacation,purchase,124974,72296,10870,2028-08-16,2,active,57.85
USER0373,Education Fund,savings,540188,120814,6735,2026-10-26,5,active,22.37
USER0374,Wedding,purchase,736346,205033,18911,2028-11-14,4,active,27.84
USER0375,Emergency Fund,savings,237675,113869,15063,2030-12-04,3,active,47.91
USER0375,House Down Payment,purchase,1707846,203367,7537,2027-07-23,5,active,11.91
USER0376,Debt Payoff,debt_payoff,262110,6694,12577,2030-06-07,4,active,2.55
USER0376,Retirement Fund,savings,2110420,740821,2331,2030-09-05,5,active,35.1
USER0377,Car Purchase,purchase,1000666,434561,8575,2029-04-13,3,active,43.43
USER0377,Retirement Fund,savings,4079562,2518210,18936,2026-11-25,3,active,61.73
USER0377,Education Fund,savings,751715,327848,15432,2030-05-08,4,active,43.61
USER0378,Car Purchase,purchase,580066,135379,12284,2029-03-14,3,active,23.34
USER0379,Car Purchase,purchase,1388580,911228,15130,2027-01-24,5,active,65.62
USER0379,Vacation,purchase,143918,102580,4431,2028-09-15,1,active,71.28
USER0379,Education Fund,savings,546948,98689,5759,2027-08-22,1,active,18.04
USER0379,Retirement Fund,savings,3440833,1635284,8425,2026-08-27,2,active,47.53
USER0380,Retirement Fund,savings,1787546,1318603,18774,2029-09-10,2,active,73.77
USER0380,Vacation,purchase,68999,10855,9067,2030-07-07,2,active,15.73
USER0380,Wedding,purchase,204843,4729,3770,2030-08-06,5,active,2.31
USER0380,House Down Payment,purchase,938112,238590,18392,2029-12-09,5,active,25.43
USER0381,Car Purchase,purchase,940368,654275,19636,2029-02-12,1,active,69.58
USER0381,Education Fund,savings,285847,154339,14167,2029-07-12,3,active,53.99
USER0381,Emergency Fund,savings,244750,154896,19546,2030-10-05,4,active,63.29
USER0381,Debt Payoff,debt_payoff,335872,93394,9925,2030-03-09,4,active,27.81
USER0382,Education Fund,savings,270730,169809,13083,2026-09-26,4,active,62.72
USER0383,Car Purchase,purchase,1465252,449909,2854,2029-08-11,2,active,30.71
USER0383,Retirement Fund,savings,4544609,3598985,8853,2029-12-09,3,active,79.19
USER0383,Emergency Fund,savings,154286,38174,5516,2028-02-18,2,active,24.74
USER0384,House Down Payment,purchase,734177,408032,15309,2028-01-19,2,active,55.58
USER0384,Vacation,purchase,180698,88680,11860,2030-08-06,1,active,49.08
USER0384,Debt Payoff,debt_payoff,377228,208711,3269,2029-05-13,5,active,55.33
USER0384,Education Fund,savings,200891,156509,7677,2028-01-19,2,active,77.91
USER0385,Wedding,purchase,757041,534043,3891,2027-02-23,2,active,70.54
USER0386,Car Purchase,purchase,1481461,677021,5873,2028-10-15,1,active,45.7
USER0386,House Down Payment,purchase,662403,181064,1329,2030-07-07,3,active,27.33
USER0386,Vacation,purchase,132401,69521,10352,2027-09-21,3,active,52.51
USER0387,Retirement Fund,savings,2179959,145908,2256,2028-02-18,1,active,6.69
USER0387,Debt Payoff,debt_payoff,324095,119146,3365,2029-05-13,5,active,36.76
USER0388,Retirement Fund,savings,1990089,1532433,15747,2029-12-09,2,active,77.0
USER0388,Emergency Fund,savings,109900,61137,17015,2030-04-08,5,active,55.63
USER0388,House Down Payment,purchase,1986303,663013,6762,2028-10-15,1,active,33.38
USER0389,Emergency Fund,savings,188167,86812,9497,2028-05-18,3,active,46.14
USER0390,Retirement Fund,savings,1883877,1019869,11467,2029-02-12,3,active,54.14
USER0390,Debt Payoff,debt_payoff,355745,25397,6661,2028-04-18,5,active,7.14
USER0390,Wedding,purchase,677718,533605,14464,2029-10-10,5,active,78.74
USER0391,Retirement Fund,savings,2278751,1748223,16198,2029-09-10,3,active,76.72
USER0391,Vacation,purchase,117965,48438,19644,2030-08-06,2,active,41.06
USER0392,Debt Payoff,debt_payoff,107979,79828,15011,2028-02-18,4,active,73.93
USER0392,Wedding,purchase,766275,246284,1610,2030-08-06,2,active,32.14
USER0392,Car Purchase,purchase,1290455,13042,16555,2028-03-19,5,active,1.01
USER0393,Car Purchase,purchase,1206613,949026,6950,2029-04-13,5,active,78.65
USER0394,Debt Payoff,debt_payoff,232062,54167,1685,2027-05-24,5,active,23.34
USER0394,Education Fund,savings,624972,375449,15078,2029-04-13,4,active,60.07
USER0394,Wedding,purchase,565256,310215,10714,2028-11-14,3,active,54.88
USER0395,House Down Payment,purchase,691120,42309,16020,2027-03-25,2,active,6.12
USER0396,Vacation,purchase,165185,98714,12393,2028-01-19,4,active,59.76
USER0397,Retirement Fund,savings,1545967,765772,14575,2030-12-04,1,active,49.53
USER0398,Vacation,purchase,131947,20437,16994,2028-08-16,1,active,15.49
USER0398,Emergency Fund,savings,128122,46263,14776,2030-10-05,4,active,36.11
USER0399,House Down Payment,purchase,1812872,138149,14584,2027-11-20,1,active,7.62
USER0399,Education Fund,savings,677713,374016,3337,2030-05-08,5,active,55.19
USER0399,Car Purchase,purchase,622715,256470,4431,2030-05-08,2,active,41.19
USER0399,Retirement Fund,savings,4493364,3323852,12741,2031-01-03,1,active,73.97
USER0400,House Down Payment,purchase,804403,508507,6488,2029-12-09,4,active,63.22
USER0400,Education Fund,savings,266790,51617,12434,2027-01-24,4,active,19.35
USER0401,Emergency Fund,savings,98375,180,8004,2029-02-12,5,active,0.18
USER0401,Wedding,purchase,618465,315860,16102,2028-10-15,4,active,51.07
USER0401,Education Fund,savings,873140,423848,8525,2027-11-20,1,active,48.54
USER0401,Vacation,purchase,84721,8761,1662,2026-10-26,3,active,10.34
USER0402,Wedding,purchase,400398,42487,4946,2026-12-25,2,active,10.61
USER0402,Retirement Fund,savings,4304204,2369378,16154,2028-02-18,5,active,55.05
USER0403,Emergency Fund,savings,191456,138401,16800,2027-09-21,1,active,72.29
USER0404,Vacation,purchase,151369,63046,11895,2030-06-07,3,active,41.65
USER0404,Emergency Fund,savings,284777,36281,2324,2027-05-24,5,active,12.74
USER0404,Debt Payoff,debt_payoff,354770,34318,11798,2026-12-25,3,active,9.67
USER0405,Education Fund,savings,597902,211050,18760,2030-11-04,4,active,35.3
USER0405,Wedding,purchase,783759,66506,18102,2028-12-14,4,active,8.49
USER0405,House Down Payment,purchase,1913596,418860,2787,2029-08-11,5,active,21.89
USER0405,Emergency Fund,savings,102432,60684,14072,2027-07-23,3,active,59.24
USER0406,Car Purchase,purchase,1007074,50428,19925,2029-04-13,4,active,5.01
USER0406,Vacation,purchase,77126,5803,14609,2029-12-09,2,active,7.52
USER0406,Debt Payoff,debt_payoff,257906,192382,12706,2026-07-28,1,active,74.59
USER0407,Retirement Fund,savings,2292733,1624693,14449,2030-11-04,4,active,70.86
USER0407,Vacation,purchase,64887,48524,9365,2027-03-25,3,active,74.78
USER0407,Emergency Fund,savings,252448,106528,9814,2030-04-08,3,active,42.2
USER0408,Vacation,purchase,178392,44629,5792,2029-06-12,5,active,25.02
USER0408,Education Fund,savings,425281,20455,8556,2027-05-24,4,active,4.81
USER0408,Retirement Fund,savings,2623640,1285213,8937,2028-11-14,1,active,48.99
USER0408,Car Purchase,purchase,979584,695320,9616,2030-01-08,5,active,70.98
USER0409,Emergency Fund,savings,176843,129103,1096,2029-03-14,1,active,73.0
USER0410,Education Fund,savings,493924,116639,15959,2030-04-08,1,active,23.61
USER0410,Car Purchase,purchase,413107,32125,17677,2029-03-14,1,active,7.78
USER0410,Emergency Fund,savings,71730,51801,19145,2030-06-07,1,active,72.22
USER0410,House Down Payment,purchase,1592597,676369,11631,2030-06-07,3,active,42.47
USER0411,Wedding,purchase,590659,313583,8491,2027-07-23,5,active,53.09
USER0411,Vacation,purchase,104137,17296,11655,2030-10-05,2,active,16.61
USER0412,Retirement Fund,savings,2562683,1504134,13909,2028-04-18,4,active,58.69
USER0412,House Down Payment,purchase,1779338,822380,15840,2030-12-04,1,active,46.22
USER0412,Education Fund,savings,304194,140439,16370,2027-12-20,4,active,46.17
USER0412,Wedding,purchase,294558,35711,11329,2028-12-14,3,active,12.12
USER0413,Vacation,purchase,80953,61038,8968,2030-12-04,3,active,75.4
USER0414,Vacation,purchase,182435,123923,16679,2028-12-14,4,active,67.93
USER0415,Car Purchase,purchase,874726,466418,11354,2026-11-25,1,active,53.32
USER0416,Retirement Fund,savings,1209465,386918,5898,2029-03-14,5,active,31.99
USER0416,Emergency Fund,savings,195644,95334,17708,2029-12-09,2,active,48.73
USER0416,Car Purchase,purchase,684286,129982,14250,2026-11-25,5,active,19.0
USER0417,Vacation,purchase,74465,14915,10225,2030-05-08,1,active,20.03
USER0417,House Down Payment,purchase,1983316,544507,6563,2028-03-19,3,active,27.45
USER0417,Wedding,purchase,402753,313865,2421,2027-04-24,2,active,77.93
USER0418,Debt Payoff,debt_payoff,489461,325994,8694,2028-01-19,2,active,66.6
USER0419,Wedding,purchase,298779,227739,5875,2030-10-05,3,active,76.22
USER0420,House Down Payment,purchase,817203,545095,14345,2029-08-11,1,active,66.7
USER0420,Car Purchase,purchase,733378,219170,1158,2026-07-28,3,active,29.88
USER0420,Wedding,purchase,332809,175273,1134,2029-04-13,3,active,52.66
USER0420,Emergency Fund,savings,119848,20962,17751,2027-12-20,1,active,17.49
USER0421,Car Purchase,purchase,635151,465972,12111,2029-08-11,1,active,73.36
USER0421,Education Fund,savings,600224,122173,4944,2027-02-23,4,active,20.35
USER0421,Wedding,purchase,719749,85477,18503,2029-03-14,2,active,11.88
USER0422,Retirement Fund,savings,1761427,652773,8495,2027-12-20,3,active,37.06
USER0422,Vacation,purchase,54223,6123,14196,2030-08-06,5,active,11.29
USER0422,Wedding,purchase,689693,549968,2517,2030-12-04,3,active,79.74
USER0423,Emergency Fund,savings,141967,95202,1954,2028-01-19,1,active,67.06
USER0423,Wedding,purchase,356593,74376,14118,2028-06-17,2,active,20.86
USER0423,Vacation,purchase,72218,12459,15106,2030-01-08,5,active,17.25
USER0423,Education Fund,savings,975264,685957,13466,2030-05-08,1,active,70.34
USER0424,Emergency Fund,savings,128392,75477,5060,2029-07-12,1,active,58.79
USER0424,House Down Payment,purchase,1450263,494528,11679,2030-03-09,5,active,34.1
USER0424,Retirement Fund,savings,1450893,522531,16453,2027-08-22,1,active,36.01
USER0424,Debt Payoff,debt_payoff,425796,174662,4660,2029-09-10,1,active,41.02
USER0425,Retirement Fund,savings,4718164,1794067,19748,2030-05-08,2,active,38.02
USER0426,Debt Payoff,debt_payoff,254839,96391,5930,2030-06-07,3,active,37.82
USER0426,Education Fund,savings,874761,198983,17454,2030-10-05,5,active,22.75
USER0426,Retirement Fund,savings,3365063,1465618,14640,2031-01-03,5,active,43.55
USER0427,House Down Payment,purchase,941937,610458,10793,2029-09-10,3,active,64.81
USER0427,Emergency Fund,savings,293760,119770,1674,2029-02-12,3,active,40.77
USER0427,Vacation,purchase,105893,70684,14220,2029-01-13,1,active,66.75
USER0427,Education Fund,savings,534175,34473,2676,2027-06-23,2,active,6.45
USER0428,Education Fund,savings,356717,194275,12280,2026-09-26,4,active,54.46
USER0428,Retirement Fund,savings,2663433,680903,9787,2029-08-11,2,active,25.56
USER0428,Wedding,purchase,718463,452175,18879,2028-01-19,2,active,62.94
USER0428,House Down Payment,purchase,1373440,226356,10175,2030-06-07,3,active,16.48
USER0429,Education Fund,savings,749893,467389,1459,2030-07-07,5,active,62.33
USER0429,Debt Payoff,debt_payoff,135813,20609,6390,2028-06-17,4,active,15.17
USER0430,House Down Payment,purchase,1180710,805819,14380,2029-06-12,4,active,68.25
USER0430,Emergency Fund,savings,171679,10470,4696,2026-12-25,4,active,6.1
USER0430,Vacation,purchase,70468,51591,13247,2028-11-14,3,active,73.21
USER0430,Car Purchase,purchase,560914,8590,4114,2027-01-24,4,active,1.53
USER0431,Vacation,purchase,58093,30262,5213,2027-04-24,3,active,52.09
USER0432,Education Fund,savings,342066,221276,10762,2029-04-13,5,active,64.69
USER0432,Emergency Fund,savings,90916,71471,10937,2028-04-18,2,active,78.61
USER0432,Debt Payoff,debt_payoff,383087,7864,19150,2027-11-20,4,active,2.05
USER0433,House Down Payment,purchase,772214,421434,11370,2029-04-13,1,active,54.57
USER0433,Emergency Fund,savings,129838,34112,19309,2029-03-14,1,active,26.27
USER0434,Wedding,purchase,352993,93090,14567,2027-04-24,3,active,26.37
USER0434,Emergency Fund,savings,237394,12699,1863,2029-09-10,4,active,5.35
USER0435,Education Fund,savings,255688,33156,13860,2030-05-08,1,active,12.97
USER0436,Debt Payoff,debt_payoff,300122,28718,8235,2027-06-23,1,active,9.57
USER0436,Education Fund,savings,638752,268188,17079,2028-07-17,3,active,41.99
USER0436,Wedding,purchase,505787,214093,2340,2028-12-14,4,active,42.33
USER0436,Retirement Fund,savings,3075059,2260663,15055,2029-04-13,1,active,73.52
USER0437,Education Fund,savings,698004,40010,12427,2026-12-25,3,active,5.73
USER0437,Debt Payoff,debt_payoff,139570,87369,2948,2027-06-23,2,active,62.6
USER0437,Wedding,purchase,273561,1100,3262,2029-07-12,5,active,0.4
USER0437,Car Purchase,purchase,583879,245325,7429,2030-02-07,2,active,42.02
USER0438,Education Fund,savings,373815,68877,15442,2030-08-06,5,active,18.43
USER0439,Retirement Fund,savings,1932794,211460,7941,2030-06-07,5,active,10.94
USER0440,Vacation,purchase,88719,45017,10523,2030-04-08,4,active,50.74
USER0441,Retirement Fund,savings,1476233,426308,14561,2027-05-24,2,active,28.88
USER0441,Vacation,purchase,161007,19968,15160,2027-05-24,3,active,12.4
USER0441,Debt Payoff,debt_payoff,229965,56929,1917,2027-03-25,2,active,24.76
USER0441,Wedding,purchase,200267,16162,9776,2027-10-21,2,active,8.07
USER0442,Emergency Fund,savings,257212,147035,1508,2028-05-18,3,active,57.16
USER0442,Wedding,purchase,347511,135611,4404,2030-01-08,1,active,39.02
USER0442,Retirement Fund,savings,1849692,817860,14255,2026-07-28,1,active,44.22
USER0443,Emergency Fund,savings,241675,67108,11066,2027-08-22,2,active,27.77
USER0443,Wedding,purchase,677857,124013,16306,2030-03-09,1,active,18.29
USER0443,Education Fund,savings,389235,294930,19399,2026-11-25,2,active,75.77
USER0444,Vacation,purchase,89022,56422,16884,2030-12-04,5,active,63.38
USER0444,House Down Payment,purchase,1398842,474746,13316,2027-04-24,3,active,33.94
USER0444,Education Fund,savings,739152,252387,2315,2027-09-21,2,active,34.15
USER0445,Education Fund,savings,493657,333272,12277,2029-06-12,4,active,67.51
USER0445,Car Purchase,purchase,537746,23947,4730,2029-03-14,5,active,4.45
USER0446,Retirement Fund,savings,1338515,223117,11504,2027-02-23,4,active,16.67
USER0446,Education Fund,savings,764097,69839,18124,2028-08-16,3,active,9.14
USER0446,Wedding,purchase,780661,104389,1663,2027-11-20,4,active,13.37
USER0446,House Down Payment,purchase,607691,453680,5268,2029-12-09,4,active,74.66
USER0447,Vacation,purchase,98100,70723,13181,2029-02-12,2,active,72.09
USER0447,House Down Payment,purchase,559769,364910,1048,2028-01-19,3,active,65.19
USER0448,Vacation,purchase,86007,50977,1382,2030-09-05,4,active,59.27
USER0448,Education Fund,savings,941027,709979,4105,2028-06-17,1,active,75.45
USER0449,Car Purchase,purchase,633781,56758,3184,2028-10-15,3,active,8.96
USER0449,Debt Payoff,debt_payoff,290644,150629,7049,2030-06-07,3,active,51.83
USER0449,Wedding,purchase,422341,274163,10452,2028-11-14,5,active,64.92
USER0449,Education Fund,savings,228410,120610,9480,2030-08-06,5,active,52.8
USER0450,House Down Payment,purchase,1584269,918021,17135,2028-06-17,2,active,57.95
USER0450,Car Purchase,purchase,1476655,815504,13477,2028-12-14,4,active,55.23
USER0451,Education Fund,savings,559700,79460,10714,2027-10-21,2,active,14.2
USER0451,House Down Payment,purchase,1320255,249444,15448,2026-10-26,5,active,18.89
USER0452,Emergency Fund,savings,58966,46914,2657,2027-10-21,1,active,79.56
USER0452,Car Purchase,purchase,1452261,714694,8760,2031-01-03,4,active,49.21
USER0453,Education Fund,savings,487612,13538,17637,2027-08-22,1,active,2.78
USER0453,Car Purchase,purchase,868486,306940,3925,2028-12-14,2,active,35.34
USER0454,Debt Payoff,debt_payoff,376466,138320,12169,2028-06-17,4,active,36.74
USER0455,House Down Payment,purchase,1521365,706903,3970,2028-07-17,5,active,46.47
USER0455,Car Purchase,purchase,970304,352114,13117,2028-02-18,4,active,36.29
USER0455,Wedding,purchase,561761,385446,13294,2027-02-23,1,active,68.61
USER0456,Vacation,purchase,169505,68822,12645,2030-09-05,1,active,40.6
USER0456,Emergency Fund,savings,111954,21080,15035,2028-10-15,5,active,18.83
USER0456,House Down Payment,purchase,528721,122106,13956,2027-07-23,5,active,23.09
USER0457,Debt Payoff,debt_payoff,336954,231564,18776,2027-06-23,3,active,68.72
USER0457,Vacation,purchase,156634,87211,1224,2030-01-08,5,active,55.68
USER0458,Car Purchase,purchase,1043437,242030,1088,2029-04-13,1,active,23.2
USER0458,Vacation,purchase,191663,62143,1835,2030-07-07,5,active,32.42
USER0458,Debt Payoff,debt_payoff,204454,27337,4685,2027-09-21,4,active,13.37
USER0459,Education Fund,savings,896518,361696,3621,2026-09-26,5,active,40.34
USER0459,Debt Payoff,debt_payoff,384680,96212,6311,2028-06-17,2,active,25.01
USER0459,Emergency Fund,savings,172124,107046,8666,2027-08-22,5,active,62.19
USER0460,House Down Payment,purchase,1137899,123757,9261,2029-04-13,2,active,10.88
USER0460,Vacation,purchase,93979,29765,7809,2028-05-18,5,active,31.67
USER0460,Education Fund,savings,776869,430663,1213,2030-10-05,1,active,55.44
USER0460,Debt Payoff,debt_payoff,178386,129929,1041,2028-01-19,3,active,72.84
USER0461,Vacation,purchase,194056,105518,10754,2028-08-16,1,active,54.38
USER0461,Education Fund,savings,407901,247204,10091,2028-11-14,4,active,60.6
USER0461,Wedding,purchase,525644,350719,14034,2030-02-07,1,active,66.72
USER0461,Retirement Fund,savings,2611489,1195824,11644,2027-07-23,3,active,45.79
USER0462,House Down Payment,purchase,1990965,1324947,16240,2029-03-14,3,active,66.55
USER0462,Car Purchase,purchase,847629,74377,3120,2030-07-07,1,active,8.77
USER0462,Debt Payoff,debt_payoff,190454,102714,19519,2028-11-14,2,active,53.93
USER0462,Wedding,purchase,773169,574973,11504,2029-03-14,3,active,74.37
USER0463,Vacation,purchase,103755,26317,19163,2028-12-14,3,active,25.36
USER0463,Car Purchase,purchase,1444927,893101,12342,2026-09-26,3,active,61.81
USER0463,Retirement Fund,savings,1728797,101665,11408,2027-07-23,1,active,5.88
USER0463,Emergency Fund,savings,211326,7167,12414,2027-02-23,2,active,3.39
USER0464,Wedding,purchase,637663,265351,10468,2026-11-25,3,active,41.61
USER0465,Emergency Fund,savings,250730,200145,15291,2027-12-20,2,active,79.82
USER0466,Emergency Fund,savings,215632,122041,14774,2030-02-07,3,active,56.6
USER0467,Emergency Fund,savings,127651,82151,3520,2027-08-22,3,active,64.36
USER0467,Retirement Fund,savings,2073102,559777,5287,2027-06-23,4,active,27.0
USER0467,Vacation,purchase,192330,133950,11028,2030-03-09,4,active,69.65
USER0468,Retirement Fund,savings,1234684,706090,2666,2027-11-20,3,active,57.19
USER0468,Vacation,purchase,119443,26819,3661,2030-11-04,5,active,22.45
USER0469,Vacation,purchase,80508,42462,7489,2030-05-08,1,active,52.74
USER0470,Wedding,purchase,665835,113924,12785,2027-09-21,5,active,17.11
USER0470,House Down Payment,purchase,1741699,1143637,3713,2028-05-18,1,active,65.66
USER0471,Vacation,purchase,132613,19150,17276,2026-09-26,2,active,14.44
USER0472,Vacation,purchase,118983,69836,1168,2027-04-24,2,active,58.69
USER0473,House Down Payment,purchase,651530,202943,11721,2030-06-07,5,active,31.15
USER0474,Wedding,purchase,762360,361044,18974,2026-10-26,3,active,47.36
USER0474,House Down Payment,purchase,1294101,560345,17608,2028-04-18,4,active,43.3
USER0474,Retirement Fund,savings,3955476,1304610,9905,2028-11-14,2,active,32.98
USER0475,Wedding,purchase,273534,64413,11301,2026-07-28,3,active,23.55
USER0475,Retirement Fund,savings,3764880,1357911,18393,2031-01-03,2,active,36.07
USER0476,Education Fund,savings,934215,188925,9987,2030-02-07,3,active,20.22
USER0476,Emergency Fund,savings,127914,36738,4074,2028-08-16,3,active,28.72
USER0476,Car Purchase,purchase,523436,51171,2845,2028-06-17,3,active,9.78
USER0476,Vacation,purchase,102876,58372,9002,2027-10-21,3,active,56.74
USER0477,Education Fund,savings,729852,437129,17075,2028-08-16,3,active,59.89
USER0477,Vacation,purchase,162687,57735,5993,2030-10-05,3,active,35.49
USER0478,Wedding,purchase,274574,212741,18712,2027-04-24,5,active,77.48
USER0478,Education Fund,savings,771680,556870,12586,2028-08-16,2,active,72.16
USER0478,Vacation,purchase,188025,2426,3365,2029-01-13,3,active,1.29
USER0479,House Down Payment,purchase,1161872,189541,7179,2030-08-06,4,active,16.31
USER0479,Wedding,purchase,702678,491262,6007,2030-06-07,2,active,69.91
USER0479,Debt Payoff,debt_payoff,265446,34968,12006,2028-07-17,5,active,13.17
USER0480,House Down Payment,purchase,1955143,1134791,12794,2028-06-17,4,active,58.04
USER0481,Debt Payoff,debt_payoff,459650,343386,19316,2027-03-25,4,active,74.71
USER0481,Emergency Fund,savings,138330,60598,7498,2031-01-03,5,active,43.81
USER0481,Education Fund,savings,970962,454686,2433,2030-09-05,1,active,46.83
USER0481,Retirement Fund,savings,3279321,411715,10073,2031-01-03,1,active,12.55
USER0482,Wedding,purchase,616126,254932,11863,2028-10-15,2,active,41.38
USER0483,Retirement Fund,savings,4310561,1168467,6769,2030-12-04,3,active,27.11
USER0483,Wedding,purchase,297642,138401,6035,2029-10-10,4,active,46.5
USER0483,Vacation,purchase,50731,15900,17754,2029-12-09,5,active,31.34
USER0484,House Down Payment,purchase,1103506,675771,19233,2028-07-17,3,active,61.24
USER0484,Education Fund,savings,861573,555663,19850,2028-01-19,1,active,64.49
USER0484,Car Purchase,purchase,849337,391890,1570,2030-03-09,3,active,46.14
USER0485,Education Fund,savings,425505,30845,18332,2027-10-21,3,active,7.25
USER0486,House Down Payment,purchase,1727270,628103,5303,2029-11-09,2,active,36.36
USER0486,Wedding,purchase,310751,92767,12605,2027-10-21,1,active,29.85
USER0486,Education Fund,savings,851631,658145,8512,2030-09-05,4,active,77.28
USER0486,Car Purchase,purchase,1478654,601120,17965,2028-02-18,4,active,40.65
USER0487,Debt Payoff,debt_payoff,445106,81599,19422,2028-09-15,4,active,18.33
USER0488,Emergency Fund,savings,171448,17906,4843,2030-07-07,4,active,10.44
USER0488,House Down Payment,purchase,1890526,1293100,13723,2028-11-14,3,active,68.4
USER0489,Education Fund,savings,514533,228188,3767,2028-03-19,3,active,44.35
USER0490,Education Fund,savings,226229,175384,10133,2027-10-21,3,active,77.52
USER0490,Car Purchase,purchase,435953,89938,18355,2027-09-21,4,active,20.63
USER0490,Debt Payoff,debt_payoff,329894,234391,15775,2029-05-13,4,active,71.05
USER0490,Emergency Fund,savings,204996,85657,7917,2030-12-04,1,active,41.78
USER0491,Wedding,purchase,709593,265425,9290,2028-01-19,5,active,37.41
USER0491,Car Purchase,purchase,660200,279848,16781,2029-01-13,5,active,42.39
USER0491,Emergency Fund,savings,273372,172844,5554,2030-10-05,1,active,63.23
USER0492,House Down Payment,purchase,1506828,982654,2503,2030-06-07,4,active,65.21
USER0492,Debt Payoff,debt_payoff,313842,173808,10046,2026-07-28,1,active,55.38
USER0492,Education Fund,savings,951152,484447,4837,2027-04-24,2,active,50.93
USER0492,Car Purchase,purchase,420193,210130,4002,2026-10-26,5,active,50.01
USER0493,Vacation,purchase,149796,90211,3407,2030-05-08,2,active,60.22
USER0493,Wedding,purchase,289149,221675,2119,2029-04-13,5,active,76.66
USER0493,Education Fund,savings,900637,3603,17524,2030-01-08,3,active,0.4
USER0493,Car Purchase,purchase,581540,32937,7148,2026-07-28,5,active,5.66
USER0494,Wedding,purchase,733394,78974,19677,2026-08-27,3,active,10.77
USER0494,Vacation,purchase,51550,35318,7480,2028-10-15,2,active,68.51
USER0494,Retirement Fund,savings,2807499,88819,4599,2029-02-12,3,active,3.16
USER0494,Debt Payoff,debt_payoff,130718,100798,11124,2026-08-27,3,active,77.11
USER0495,Vacation,purchase,156371,110513,2509,2028-02-18,2,active,70.67
USER0496,Retirement Fund,savings,3934444,1871964,17154,2026-10-26,2,active,47.58
USER0496,Debt Payoff,debt_payoff,207905,81761,6883,2030-06-07,5,active,39.33
USER0496,House Down Payment,purchase,1894954,1420256,12329,2028-03-19,4,active,74.95
USER0496,Education Fund,savings,710767,51928,14464,2029-11-09,4,active,7.31
USER0497,Retirement Fund,savings,2005944,955898,16600,2027-09-21,1,active,47.65
USER0498,Debt Payoff,debt_payoff,234148,53063,3417,2027-10-21,4,active,22.66
USER0499,Emergency Fund,savings,272843,29137,2704,2028-08-16,3,active,10.68
USER0499,Education Fund,savings,649254,27961,3660,2029-11-09,4,active,4.31
USER0499,House Down Payment,purchase,1789743,4528,10454,2026-09-26,5,active,0.25
USER0499,Vacation,purchase,80876,54304,8795,2029-01-13,5,active,67.14
USER0500,House Down Payment,purchase,747084,95433,19460,2027-10-21,5,active,12.77
USER0500,Wedding,purchase,337078,86316,16852,2029-06-12,3,active,25.61
